lead_organisation_clean,n_projects,total_funding,mean_funding,median_funding,funding_share_%,total_funding_million,cumulative_share_%,rank
University of Sheffield,26,60530213.0,2328085.1153846155,1199283.5,5.885593354983321,60.530213,5.885593354983321,1
Unknown,39,56082434.0,1438011.1282051282,640916.0,5.453118112795847,56.082434,11.338711467779168,2
University of Manchester,21,38176501.0,1817928.619047619,683653.0,3.712053030477757,38.176501,15.050764498256925,3
University of Nottingham,16,38011195.0,2375699.6875,790839.5,3.695979670631181,38.011195,18.746744168888107,4
Brunel University London,15,36950623.0,2463374.8666666667,1560645.0,3.592856036890104,36.950623,22.33960020577821,5
University of Birmingham,30,35641731.0,1188057.7,495304.0,3.4655872619133694,35.641731,25.80518746769158,6
UNIVERSITY OF EXETER,22,33376308.0,1517104.9090909092,690487.5,3.245311173424694,33.376308,29.050498641116278,7
University of Warwick,17,32025794.0,1883870.2352941176,1027935.0,3.1139953258460316,32.025794,32.16449396696231,8
University of Leeds,24,25010608.0,1042108.6666666666,375611.5,2.4318808897780135,25.010608,34.596374856740326,9
CRANFIELD UNIVERSITY,17,24898638.0,1464625.7647058824,431400.0,2.4209936013431044,24.898638,37.01736845808343,10
University of Cambridge,18,20738829.0,1152157.1666666667,516173.5,2.01651882759004,20.738829,39.03388728567347,11
UNIVERSITY OF EDINBURGH,12,20217623.0,1684801.9166666667,612876.5,1.965839895233112,20.217623,40.99972718090658,12
University of Strathclyde,15,18751114.0,1250074.2666666666,468012.0,1.8232453924610297,18.751114,42.822972573367615,13
University of Bath,11,17131384.0,1557398.5454545454,565895.0,1.6657526024576783,17.131384,44.488725175825294,14
SWANSEA UNIVERSITY,4,16035161.0,4008790.25,1762777.5,1.5591624801929527,16.035161,46.04788765601825,15
UNIVERSITY OF MANCHESTER,6,16007336.0,2667889.3333333335,1373624.0,1.5564569447754182,16.007336,47.60434460079367,16
Imperial College London,19,15433315.0,812279.7368421053,431199.0,1.5006425999089812,15.433315,49.104987200702645,17
University of Huddersfield,3,13824317.0,4608105.666666667,1463141.0,1.3441933249496902,13.824317,50.44918052565234,18
University of Kent,3,13705171.0,4568390.333333333,1289915.0,1.3326082854938925,13.705171,51.78178881114623,19
CARDIFF UNIVERSITY,18,13622639.0,756813.2777777778,417965.0,1.3245833708818542,13.622639,53.10637218202808,20
Loughborough University,8,13500230.0,1687528.75,1410587.5,1.3126810569582248,13.50023,54.41905323898631,21
University of Glasgow,6,12932978.0,2155496.3333333335,1600740.0,1.2575248888839277,12.932978,55.676578127870236,22
University of Portsmouth,2,11756952.0,5878476.0,5878476.0,1.1431752035311336,11.756952,56.81975333140137,23
University of St Andrews,8,10385001.0,1298125.125,918635.0,1.009774951181737,10.385001,57.82952828258311,24
British Geological Survey,4,10313612.0,2578403.0,118814.0,1.002833514778417,10.313612,58.83236179736153,25
University of Surrey,11,10265590.0,933235.4545454546,298792.0,0.9981641447219627,10.26559,59.83052594208349,26
Royal College of Art,6,10043826.0,1673971.0,1178651.0,0.9766011489866839,10.043826,60.80712709107017,27
University of Edinburgh,12,8427919.0,702326.5833333334,695544.0,0.8194800844784352,8.427919,61.62660717554861,28
Swansea University,5,7486692.0,1497338.4,547407.0,0.7279608397546328,7.486692,62.35456801530324,29
University of York,7,6995218.0,999316.8571428572,822615.0,0.6801728680098931,6.995218,63.03474088331313,30
James Hutton Institute,1,6803556.0,6803556.0,6803556.0,0.6615368094583924,6.803556,63.69627769277152,31
FIBERIGHT LIMITED,7,6696714.0,956673.4285714285,331281.0,0.6511481368589233,6.696714,64.34742582963044,32
University of Ulster,1,6632377.0,6632377.0,6632377.0,0.6448923944633107,6.632377,64.99231822409375,33
University of Sussex,3,6233284.0,2077761.3333333333,306680.0,0.6060869947727403,6.233284,65.59840521886649,34
University of Bristol,10,6103112.0,610311.2,250318.5,0.5934298534835647,6.103112,66.19183507235006,35
Newcastle University,10,6049386.0,604938.6,607943.5,0.5882058608207629,6.049386,66.78004093317082,36
Queen Mary University of London,6,5513359.0,918893.1666666666,797416.5,0.536085823686718,5.513359,67.31612675685754,37
IMPERIAL COLLEGE LONDON,10,5065846.0,506584.6,478046.0,0.49257235481673983,5.065846,67.80869911167429,38
RECYCLING TECHNOLOGIES LTD,4,4889843.0,1222460.75,763002.0,0.4754588831153082,4.889843,68.2841579947896,39
ORBITAL MARINE POWER LIMITED,1,4705779.0,4705779.0,4705779.0,0.45756160832310405,4.705779,68.7417196031127,40
University of Stirling,4,4625034.0,1156258.5,554016.5,0.4497104508284471,4.625034,69.19143005394115,41
PLASGRAN LIMITED,1,4423543.0,4423543.0,4423543.0,0.43011867951436067,4.423543,69.62154873345551,42
EUROPEAN METAL RECYCLING LIMITED,3,4280888.0,1426962.6666666667,1035921.0,0.41624776648692513,4.280888,70.03779649994243,43
UK FASHION AND TEXTILE ASSOCIATION LTD,1,4010484.0,4010484.0,4010484.0,0.38995531009723905,4.010484,70.42775181003967,44
MINT BIOMINING LIMITED,1,4002186.0,4002186.0,4002186.0,0.38914846255385355,4.002186,70.81690027259351,45
De Montfort University,6,3761797.0,626966.1666666666,216309.0,0.3657744839919231,3.761797,71.18267475658544,46
POSEIDON PLASTICS LTD,1,3646102.0,3646102.0,3646102.0,0.35452499899168366,3.646102,71.53719975557712,47
University of Leicester,9,3569434.0,396603.77777777775,212917.0,0.34707026442235606,3.569434,71.88427001999948,48
UNIVERSITY OF STRATHCLYDE,5,3486052.0,697210.4,343667.0,0.3389627009296385,3.486052,72.22323272092912,49
ALTILIUM METALS LTD,6,3441649.0,573608.1666666666,522244.5,0.3346452206369238,3.441649,72.55787794156605,50
JOHNSON MATTHEY PLC,3,3086704.0,1028901.3333333334,635565.0,0.3001325065748643,3.086704,72.85801044814092,51
Lancaster University,10,3027662.0,302766.2,147712.0,0.29439161808889575,3.027662,73.15240206622981,52
PRAGMATIC SEMICONDUCTOR LIMITED,5,3020356.0,604071.2,390237.0,0.29368122665096197,3.020356,73.44608329288077,53
PHOTOCENTRIC LIMITED,3,2891078.0,963692.6666666666,1024529.0,0.28111101253746573,2.891078,73.72719430541824,54
Queen's University Belfast,5,2890073.0,578014.6,521352.0,0.2810132923903095,2.890073,74.00820759780855,55
LOUGHBOROUGH UNIVERSITY,2,2742121.0,1371060.5,1371060.5,0.2666273309852754,2.742121,74.27483492879382,56
NCC OPERATIONS LIMITED,4,2740591.0,685147.75,591673.0,0.26647856300005246,2.740591,74.54131349179387,57
QUEEN'S UNIVERSITY BELFAST,2,2724062.0,1362031.0,1362031.0,0.2648713825897585,2.724062,74.80618487438363,58
TECHNOVATIVE SOLUTIONS LTD.,4,2704788.0,676197.0,698258.0,0.26299729491185875,2.704788,75.06918216929549,59
UNILEVER GLOBAL IP LIMITED,1,2674861.0,2674861.0,2674861.0,0.2600873736741029,2.674861,75.32926954296958,60
UNIVERSITY OF CAMBRIDGE,6,2544859.0,424143.1666666667,407264.5,0.24744676216106326,2.544859,75.57671630513065,61
ICONICHEM WIDNES LIMITED,2,2542414.0,1271207.0,1271207.0,0.2472090250866384,2.542414,75.82392533021728,62
ASTON UNIVERSITY,2,2522376.0,1261188.0,1261188.0,0.2452606506501044,2.522376,76.06918598086739,63
BRUNEL UNIVERSITY LONDON,7,2363781.0,337683.0,323148.0,0.22983982802498695,2.363781,76.29902580889238,64
Durham University,4,2359552.0,589888.0,562542.5,0.22942862553511262,2.359552,76.52845443442749,65
JAGUAR LAND ROVER LIMITED,3,2340245.0,780081.6666666666,588352.0,0.22755132913596293,2.340245,76.75600576356345,66
CENTRE FOR PROCESS INNOVATION LIMITED,5,2305077.0,461015.4,482877.0,0.2241318046233356,2.305077,76.98013756818679,67
University of Aberdeen,3,2284849.0,761616.3333333334,666595.0,0.22216495573112038,2.284849,77.20230252391791,68
Northumbria University,6,2244109.0,374018.1666666667,303112.5,0.21820364349714522,2.244109,77.42050616741506,69
UNPACKAGED SYSTEMS LTD,1,2158468.0,2158468.0,2158468.0,0.209876428449775,2.158468,77.63038259586483,70
MDF RECOVERY LIMITED,4,2127203.0,531800.75,581578.5,0.20683640815043203,2.127203,77.83721900401527,71
PROMETHEAN PARTICLES LIMITED,1,2101136.0,2101136.0,2101136.0,0.20430181006493792,2.101136,78.0415208140802,72
UNIVERSITY OF READING,3,2028588.0,676196.0,558913.0,0.19724767948196228,2.028588,78.23876849356216,73
DURA COMPOSITES LIMITED,1,1990827.0,1990827.0,1990827.0,0.19357602726627413,1.990827,78.43234452082844,74
University of Essex,2,1988058.0,994029.0,994029.0,0.1933067863832138,1.988058,78.62565130721165,75
HSSMI LIMITED,1,1975289.0,1975289.0,1975289.0,0.19206520572745464,1.975289,78.81771651293911,76
UNIVERSITY COLLEGE LONDON,4,1914528.0,478632.0,444891.5,0.18615717203455914,1.914528,79.00387368497367,77
UNIVERSITY OF BRISTOL,4,1863768.0,465942.0,446640.5,0.18122157534833974,1.863768,79.18509526032202,78
University of Bradford,2,1838589.0,919294.5,919294.5,0.17877332103466131,1.838589,79.36386858135667,79
ECOSHRED LIMITED,1,1816416.0,1816416.0,1816416.0,0.17661735205665613,1.816416,79.54048593341332,80
UNIVERSITY OF WARWICK,5,1806369.0,361273.8,464556.0,0.1756404422870256,1.806369,79.71612637570034,81
Institute of Development Studies,1,1779076.0,1779076.0,1779076.0,0.17298663534539863,1.779076,79.88911301104574,82
EPOCH BIODESIGN LTD,4,1701937.0,425484.25,349987.5,0.16548610357277693,1.701937,80.05459911461851,83
UNIVERSITY OF SHEFFIELD,5,1685929.0,337185.8,403428.0,0.16392958206464062,1.685929,80.21852869668315,84
ROCHDALE DEVELOPMENT AGENCY,1,1673363.0,1673363.0,1673363.0,0.16270773990626722,1.673363,80.38123643658942,85
SPARXELL UK LIMITED,4,1671382.0,417845.5,340914.5,0.16251511939729557,1.671382,80.54375155598672,86
Aston University,5,1615815.0,323163.0,200511.0,0.15711211898233984,1.615815,80.70086367496906,87
Centre for Ecology & Hydrology,2,1605290.0,802645.0,802645.0,0.15608873137157434,1.60529,80.85695240634062,88
UNIVERSITY OF OXFORD,4,1587696.0,396924.0,334330.5,0.15437799677548797,1.587696,81.01133040311612,89
CR PLUS LIMITED,2,1535170.0,767585.0,767585.0,0.14927068488540995,1.53517,81.16060108800153,90
UNIVERSITY OF YORK,3,1509258.0,503086.0,365611.0,0.1467511580663927,1.509258,81.30735224606792,91
EDINBURGH NAPIER UNIVERSITY,2,1507896.0,753948.0,753948.0,0.14661872538935108,1.507896,81.45397097145727,92
BLACK COUNTRY CONSORTIUM LIMITED,1,1498970.0,1498970.0,1498970.0,0.1457508149082401,1.49897,81.5997217863655,93
FOODS CONNECTED LTD,1,1485217.0,1485217.0,1485217.0,0.14441355601884737,1.485217,81.74413534238435,94
FORTH ENGINEERING (CUMBRIA) LIMITED,1,1470568.0,1470568.0,1470568.0,0.14298917548582082,1.470568,81.88712451787018,95
UNIVERSITY OF BIRMINGHAM,3,1451519.0,483839.6666666667,330837.0,0.14113696545280677,1.451519,82.02826148332298,96
University of Liverpool,4,1449833.0,362458.25,226410.0,0.14097302896712974,1.449833,82.1692345122901,97
UNIVERSITY OF LEEDS,3,1445872.0,481957.3333333333,421909.0,0.14058788518316373,1.445872,82.30982239747327,98
STEAMOLOGY MOTION LIMITED,5,1426061.0,285212.2,175667.0,0.13866158285947003,1.426061,82.44848398033274,99
RECYCLUS GROUP LIMITED,1,1424241.0,1424241.0,1424241.0,0.13848461702083883,1.424241,82.58696859735358,100
Heriot-Watt University,4,1395934.0,348983.5,154693.0,0.1357322148262602,1.395934,82.72270081217984,101
NORTHUMBRIA UNIVERSITY,3,1342453.0,447484.3333333333,412974.0,0.13053204448788946,1.342453,82.85323285666773,102
COMPOSITES UK LIMITED,1,1327714.0,1327714.0,1327714.0,0.1290989128969086,1.327714,82.98233176956464,103
MINVIRO LTD,6,1291776.0,215296.0,166808.0,0.12560451822178348,1.291776,83.10793628778642,104
MATERIAL. EVOLUTION LTD.,3,1272497.0,424165.6666666667,47850.0,0.12372994437399734,1.272497,83.2316662321604,105
UNIVERSITY OF NOTTINGHAM,2,1232008.0,616004.0,616004.0,0.11979303786831695,1.232008,83.35145927002873,106
ULTROMEX LTD,5,1184461.0,236892.2,278211.0,0.11516985395106571,1.184461,83.46662912397979,107
TOM MARTIN & COMPANY LIMITED,1,1172262.0,1172262.0,1172262.0,0.11398369666235039,1.172262,83.58061282064213,108
VBC INSTRUMENT ENGINEERING LIMITED,1,1158653.0,1158653.0,1158653.0,0.11266043946568452,1.158653,83.69327326010782,109
CCM TECHNOLOGIES LIMITED,1,1146114.0,1146114.0,1146114.0,0.11144122262469743,1.146114,83.8047144827325,110
NOTTINGHAM TRENT UNIVERSITY,2,1143463.0,571731.5,571731.5,0.11118345535095495,1.143463,83.91589793808346,111
B. & M. LONGWORTH (EDGWORTH) LIMITED,3,1143019.0,381006.3333333333,59532.0,0.11114028346504712,1.143019,84.02703822154851,112
CELLMINE LIMITED,3,1141286.0,380428.6666666667,345344.0,0.11097177698243842,1.141286,84.13800999853095,113
COVENTRY UNIVERSITY,2,1119519.0,559759.5,559759.5,0.10885528499920481,1.119519,84.24686528353016,114
Manchester Metropolitan University,1,1091319.0,1091319.0,1091319.0,0.10611328684019404,1.091319,84.35297857037035,115
University of Hull,2,1083062.0,541531.0,541531.0,0.10531042588987662,1.083062,84.45828899626024,116
NANOMOX LTD,6,1073989.0,178998.16666666666,64363.5,0.10442822201410694,1.073989,84.56271721827434,117
Bobst Manchester Ltd,1,1073883.0,1073883.0,1073883.0,0.10441791521251632,1.073883,84.66713513348687,118
REVENTAS LIMITED,2,1055153.0,527576.5,527576.5,0.10259672281825137,1.055153,84.76973185630511,119
Argo Natural Resources Ltd t/a Descycle,1,1053773.0,1053773.0,1053773.0,0.10246253992961893,1.053773,84.87219439623473,120
WATERWHELM LTD,2,1053291.0,526645.5,526645.5,0.10241567315257484,1.053291,84.97461006938731,121
JOHNSON MATTHEY HYDROGEN TECHNOLOGIES LIMITED,2,1044476.0,522238.0,522238.0,0.1015585556429408,1.044476,85.07616862503025,122
NATURAL SYNERGIES LIMITED,1,1034758.0,1034758.0,1034758.0,0.10061363585183207,1.034758,85.17678226088208,123
AKERLOF LTD,2,1027389.0,513694.5,513694.5,0.09989711867333029,1.027389,85.2766793795554,124
HIVE COMPOSITES LIMITED,1,1026653.0,1026653.0,1026653.0,0.09982555446605966,1.026653,85.37650493402147,125
MEP TECHNOLOGIES LTD,1,993565.0,993565.0,993565.0,0.09660827662615368,0.993565,85.47311321064763,126
TEESSIDE UNIVERSITY,3,985230.0,328410.0,344346.0,0.09579783142560919,0.98523,85.56891104207324,127
MATERIALS PROCESSING INSTITUTE,3,976483.0,325494.3333333333,449231.0,0.0949473258264295,0.976483,85.66385836789966,128
HAYDALE COMPOSITE SOLUTIONS LIMITED,2,963969.0,481984.5,481984.5,0.09373053983487416,0.963969,85.75758890773454,129
STOPFORD LIMITED,3,962946.0,320982.0,237950.0,0.09363106947612705,0.962946,85.85121997721068,130
AXION RECYCLING LTD.,3,955568.0,318522.6666666667,351369.0,0.09291367719182984,0.955568,85.9441336544025,131
LUCCHINI UNIPART RAIL LIMITED,2,947515.0,473757.5,473757.5,0.09213065197287545,0.947515,86.03626430637539,132
ISLE UTILITIES LIMITED,3,947332.0,315777.3333333333,294762.0,0.09211285815503506,0.947332,86.12837716453042,133
University of the West of England,5,922648.0,184529.6,188765.0,0.08971273466010522,0.922648,86.21808989919053,134
TIPA CORP UK LTD,1,871273.0,871273.0,871273.0,0.08471733907786484,0.871273,86.3028072382684,135
PHOS CYCLE LIMITED,3,869882.0,289960.6666666667,313193.0,0.08458208661548244,0.869882,86.38738932488388,136
IMPACT LABORATORIES LIMITED,4,864147.0,216036.75,215850.5,0.08402444975583964,0.864147,86.47141377463973,137
UNIVERSITY OF SOUTHAMPTON,2,843381.0,421690.5,421690.5,0.08200528898385322,0.843381,86.55341906362358,138
MINERAL PRODUCTS ASSOCIATION LIMITED,1,831013.0,831013.0,831013.0,0.08080269915297926,0.831013,86.63422176277656,139
TOPOLYTICS LTD,3,826450.0,275483.3333333333,266040.0,0.08035902051469679,0.82645,86.71458078329125,140
University of East Anglia,2,806551.0,403275.5,403275.5,0.07842416160100334,0.806551,86.79300494489226,141
CGEN ENGINEERING LTD,2,804273.0,402136.5,402136.5,0.07820266260078254,0.804273,86.87120760749305,142
RHIZOCORE TECHNOLOGIES LTD,1,795680.0,795680.0,795680.0,0.07736713103410241,0.79568,86.94857473852716,143
VANDENBERGHUK LTD,2,782771.0,391385.5,391385.5,0.07611193762152546,0.782771,87.02468667614868,144
AERAMINE LIMITED,1,776148.0,776148.0,776148.0,0.075467956990067,0.776148,87.10015463313874,145
UNIVERSITY OF BATH,1,772493.0,772493.0,772493.0,0.07511256680314557,0.772493,87.17526719994189,146
TOOLROOM TECHNOLOGY LIMITED,1,766946.0,766946.0,766946.0,0.07457320993122951,0.766946,87.24984040987312,147
EVOPONIC LIMITED,1,757289.0,757289.0,757289.0,0.07363422141273424,0.757289,87.32347463128585,148
NEXTEK LIMITED,1,751809.0,751809.0,751809.0,0.07310137921729526,0.751809,87.39657601050314,149
THE EUROPEAN MARINE ENERGY CENTRE LIMITED,1,745344.0,745344.0,745344.0,0.07247276155424545,0.745344,87.46904877205739,150
VEOLIA UK LIMITED,1,743913.0,743913.0,743913.0,0.07233361973277225,0.743913,87.54138239179017,151
SCOTTISH ENVIRONMENT PROTECTION AGENCY,1,743390.0,743390.0,743390.0,0.07228276636266011,0.74339,87.61366515815283,152
LITHIUM SALVAGE UK LIMITED,1,738109.0,738109.0,738109.0,0.07176927372869783,0.738109,87.68543443188152,153
AB AGRI LIMITED,1,731046.0,731046.0,731046.0,0.07108251014724064,0.731046,87.75651694202875,154
Natural History Museum,1,721989.0,721989.0,721989.0,0.07020186201510728,0.721989,87.82671880404386,155
University College London,2,720801.0,360400.5,360400.5,0.07008634805011066,0.720801,87.89680515209398,156
AXCHEM INTERNATIONAL LIMITED,1,711353.0,711353.0,711353.0,0.06916768143286478,0.711353,87.96597283352683,157
RIPCELL LIMITED,1,699964.0,699964.0,699964.0,0.06806028366573805,0.699964,88.03403311719258,158
PURAFFINITY LTD,1,699319.0,699319.0,699319.0,0.06799756775039899,0.699319,88.10203068494297,159
BUILDING RESEARCH ESTABLISHMENT LIMITED,2,696109.0,348054.5,348054.5,0.06768544668336265,0.696109,88.16971613162633,160
TWI LIMITED,1,696001.0,696001.0,696001.0,0.06767494541381751,0.696001,88.23739107704014,161
CONSERV EDUC & RES TRUST UK (EARTHWATCH),2,690692.0,345346.0,345346.0,0.06715873022849168,0.690692,88.30454980726863,162
ZENTRAXA LIMITED,1,689924.0,689924.0,689924.0,0.0670840545339484,0.689924,88.37163386180258,163
INEUVO LIMITED,2,672818.0,336409.0,336409.0,0.06542077011876975,0.672818,88.43705463192134,164
CIRCKIT.AI LTD,1,672243.0,672243.0,672243.0,0.06536486058183956,0.672243,88.50241949250318,165
LUXUS LIMITED,2,670439.0,335219.5,335219.5,0.0651894504868447,0.670439,88.56760894299002,166
I BOXIT LIMITED,1,661729.0,661729.0,661729.0,0.064342542544824,0.661729,88.63195148553484,167
UNIVERSITY OF SALFORD,1,648232.0,648232.0,648232.0,0.06303017555361234,0.648232,88.69498166108845,168
HALOCYCLE LIMITED,1,623848.0,623848.0,623848.0,0.06065922225186346,0.623848,88.7556408833403,169
INTELLIDIGEST LTD,1,621582.0,621582.0,621582.0,0.0604388900593699,0.621582,88.81607977339968,170
MICROCHIP TECHNOLOGY CALDICOT LIMITED,1,619868.0,619868.0,619868.0,0.06027223102232932,0.619868,88.876352004422,171
ZERO CARBON FOOD LTD,1,611894.0,611894.0,611894.0,0.05949688728757924,0.611894,88.93584889170958,172
ADVANCED ELECTRONICS & LOGISTICS LIMITED,1,611106.0,611106.0,611106.0,0.05942026691349059,0.611106,88.99526915862307,173
WE ARE NIUM LTD,1,604951.0,604951.0,604951.0,0.05882179178339444,0.604951,89.05409095040648,174
VALOGEN BIOSCIENCES LIMITED,2,600838.0,300419.0,300419.0,0.058421868434883395,0.600838,89.11251281884135,175
ALGREEN LTD,2,599999.0,299999.5,299999.5,0.05834028912795396,0.599999,89.17085310796931,176
GREEN LITHIUM REFINING LIMITED,1,599636.0,599636.0,599636.0,0.058304993194205,0.599636,89.2291581011635,177
PAR-PAK EUROPE LIMITED,1,597202.0,597202.0,597202.0,0.0580683256935301,0.597202,89.28722642685703,178
IMPACT RECYCLING LIMITED,1,594334.0,594334.0,594334.0,0.05778945864672007,0.594334,89.34501588550376,179
DYERECYCLE LTD,1,594022.0,594022.0,594022.0,0.05775912164581186,0.594022,89.40277500714957,180
LESS COMMON METALS LIMITED,1,589668.0,589668.0,589668.0,0.05733576490877878,0.589668,89.46011077205836,181
ENVIROPET LTD,1,586839.0,586839.0,586839.0,0.05706068998708227,0.586839,89.51717146204544,182
THINKCLOCK LTD,2,584575.0,292287.5,292287.5,0.056840552262543254,0.584575,89.57401201430798,183
CARBON UPCYCLING TECHNOLOGIES UK LTD,1,584442.0,584442.0,584442.0,0.056827620143566356,0.584442,89.63083963445155,184
WAUGH THISTLETON ARCHITECTS LIMITED,1,576578.0,576578.0,576578.0,0.05606297214631598,0.576578,89.68690260659787,185
University of the Arts London,6,576325.0,96054.16666666667,91713.5,0.056038371950066695,0.576325,89.74294097854794,186
WEST OF ENGLAND COMBINED AUTHORITY,1,569702.0,569702.0,569702.0,0.05539439131860824,0.569702,89.79833536986655,187
THE UNIVERSITY OF MANCHESTER,1,564717.0,564717.0,564717.0,0.054909679941917866,0.564717,89.85324504980846,188
WATERCYCLE TECHNOLOGIES LIMITED,1,556334.0,556334.0,556334.0,0.05409456751046442,0.556334,89.90733961731893,189
PLANTSEA LTD,2,554286.0,277143.0,277143.0,0.05389543232501569,0.554286,89.96123504964395,190
ASPCOLD LIMITED,1,553325.0,553325.0,553325.0,0.05380199047285933,0.553325,90.01503704011681,191
DELCAM LIMITED,1,552264.0,552264.0,552264.0,0.053698825222975984,0.552264,90.06873586533979,192
TETRONICS (INTERNATIONAL) LIMITED,1,549573.0,549573.0,549573.0,0.05343716859014272,0.549573,90.12217303392993,193
INSPRO LTD,1,547110.0,547110.0,547110.0,0.05319768130412699,0.54711,90.17537071523405,194
CENTRE FOR ENERGY EQUALITY LTD,1,543057.0,543057.0,543057.0,0.05280359199425215,0.543057,90.2281743072283,195
INTERNATIONAL SYNERGIES LIMITED,4,538702.0,134675.5,110514.0,0.0523801380232418,0.538702,90.28055444525154,196
DPSUN LIMITED,2,537735.0,268867.5,268867.5,0.052286112767221816,0.537735,90.33284055801876,197
BIRMINGHAM CITY UNIVERSITY,2,536808.0,268404.0,268404.0,0.05219597687029264,0.536808,90.38503653488905,198
RECYCLEYE LTD,3,525329.0,175109.66666666666,224603.0,0.05107982804521162,0.525329,90.43611636293427,199
SAGETECH MEDICAL EQUIPMENT LIMITED,1,515193.0,515193.0,515193.0,0.050094264451604066,0.515193,90.48621062738587,200
INGENZA LIMITED,1,510566.0,510566.0,510566.0,0.0496443628387763,0.510566,90.53585499022465,201
DENROY PLASTICS LIMITED,1,508013.0,508013.0,508013.0,0.04939612449480628,0.508013,90.58525111471945,202
MARKS AND SPENCER P.L.C.,1,503071.0,503071.0,503071.0,0.048915594179138516,0.503071,90.63416670889859,203
EASTERN WASTE DISPOSAL LIMITED,1,500036.0,500036.0,500036.0,0.04862048905812441,0.500036,90.68278719795671,204
PRA WORLD LIMITED,3,498272.0,166090.66666666666,222220.0,0.04844896832222033,0.498272,90.73123616627893,205
SIEMENS PROCESS SYSTEMS ENGINEERING LIMITED,1,497640.0,497640.0,497640.0,0.048387516448585764,0.49764,90.77962368272752,206
ANFANI LTD,1,497285.0,497285.0,497285.0,0.04835299838665495,0.497285,90.82797668111418,207
G S A (ENVIRONMENTAL) LIMITED,1,497096.0,497096.0,497096.0,0.04833462116495094,0.497096,90.87631130227913,208
LIBRARY OF THINGS,3,496538.0,165512.66666666666,99135.0,0.048280364605634354,0.496538,90.92459166688477,209
DIGITAL CATAPULT,1,491924.0,491924.0,491924.0,0.0478317270345111,0.491924,90.97242339391927,210
OFFSHORE RENEWABLE ENERGY CATAPULT,2,482286.0,241143.0,241143.0,0.04689458596158395,0.482286,91.01931797988085,211
SLEEKABYTE TECHNOLOGIES LIMITED,2,481685.0,240842.5,240842.5,0.04683614834124474,0.481685,91.0661541282221,212
SKANSKA UK PLC,1,481446.0,481446.0,481446.0,0.046812909420677236,0.481446,91.11296703764278,213
OCEANIUM LTD,2,478632.0,239316.0,239316.0,0.046539293008639786,0.478632,91.15950633065141,214
ASCEND TECHNOLOGIES LIMITED,1,478331.0,478331.0,478331.0,0.04651002558148155,0.478331,91.2060163562329,215
BETA TECHNOLOGY LIMITED,1,474613.0,474613.0,474613.0,0.046148509653992115,0.474613,91.25216486588688,216
BIO-BASED AND BIODEGRADABLE INDUSTRIES ASSOCIATION (BBIA) LTD,1,474135.0,474135.0,474135.0,0.04610203181285711,0.474135,91.29826689769973,217
OXFORD PHOTOVOLTAICS LIMITED,1,472706.0,472706.0,472706.0,0.045963084459338444,0.472706,91.34422998215908,218
VENTIVE LTD,1,466771.0,466771.0,466771.0,0.04538600080424167,0.466771,91.38961598296332,219
ENVIRONMENTAL PROCESS SYSTEMS LTD.,1,459245.0,459245.0,459245.0,0.044654217891308516,0.459245,91.43427020085463,220
SHELLWORKS GROUP LTD,1,455027.0,455027.0,455027.0,0.04424408497518414,0.455027,91.47851428582982,221
NANOLOOM LIMITED,1,454878.0,454878.0,454878.0,0.04422959711257093,0.454878,91.5227438829424,222
UNIVERSITY OF ULSTER,2,452399.0,226199.5,226199.5,0.04398855408291888,0.452399,91.56673243702531,223
ARVIA TECHNOLOGY LIMITED,2,449978.0,224989.0,224989.0,0.04375315062394849,0.449978,91.61048558764925,224
PROZOMIX LIMITED,1,448137.0,448137.0,448137.0,0.04357414287179463,0.448137,91.65405973052104,225
OXFORD BROOKES UNIVERSITY,2,446339.0,223169.5,223169.5,0.04339931618066338,0.446339,91.69745904670171,226
SHEFFIELD HALLAM UNIVERSITY,1,440426.0,440426.0,440426.0,0.04282437167306654,0.440426,91.74028341837477,227
UNIVERSITY OF STIRLING(THE),1,438321.0,438321.0,438321.0,0.042619694150913434,0.438321,91.78290311252569,228
INTERNATIONAL LEAD ASSOCIATION,1,437761.0,437761.0,437761.0,0.0425652431236423,0.437761,91.82546835564933,229
SYLATECH LIMITED,2,434529.0,217264.5,217264.5,0.04225098290910603,0.434529,91.86771933855844,230
MORGAN SINDALL CONSTRUCTION & INFRASTRUCTURE LTD,1,423441.0,423441.0,423441.0,0.04117285256913754,0.423441,91.90889219112758,231
KILNSEY PARK LIMITED,1,414978.0,414978.0,414978.0,0.0403499614195025,0.414978,91.94924215254709,232
VIRTUS CONCRETE SOLUTIONS LIMITED,1,413414.0,413414.0,413414.0,0.0401978874790524,0.413414,91.98944004002614,233
ADAPTAVATE LIMITED,2,411795.0,205897.5,205897.5,0.040040465669852456,0.411795,92.02948050569599,234
UNIVERSITY OF GLASGOW,1,409927.0,409927.0,409927.0,0.039858832600312304,0.409927,92.0693393382963,235
VECTOR COMPANIES GROUP LIMITED,2,405349.0,202674.5,202674.5,0.03941369545237078,0.405349,92.10875303374867,236
Diamond Light Source,1,403939.0,403939.0,403939.0,0.039276595544420236,0.403939,92.14802962929309,237
THE ROYAL MINT LIMITED,1,399430.0,399430.0,399430.0,0.038838167540910316,0.39943,92.18686779683401,238
BIRL TECHNOLOGY LTD,2,398830.0,199415.0,199415.0,0.038779827154548384,0.39883,92.22564762398855,239
University of Westminster,1,397467.0,397467.0,397467.0,0.03864729724352954,0.397467,92.26429492123208,240
PAXMAN COOLERS LIMITED,1,397267.0,397267.0,397267.0,0.03862785044807556,0.397267,92.30292277168016,241
BINDETHICS LTD,2,396837.0,198418.5,198418.5,0.03858603983784951,0.396837,92.34150881151801,242
DURHAM FILTRATION LIMITED,1,395610.0,395610.0,395610.0,0.03846673374773936,0.39561,92.37997554526575,243
URSALEO UK LTD,1,395051.0,395051.0,395051.0,0.03841237995444549,0.395051,92.4183879252202,244
"Birkbeck, University of London",2,394230.0,197115.0,197115.0,0.03833255085910692,0.39423,92.45672047607931,245
BATCHW LIMITED,3,393592.0,131197.33333333334,57539.0,0.03827051558160873,0.393592,92.49499099166093,246
NAZIR ASSOCIATES LTD,1,392765.0,392765.0,392765.0,0.038190103082406536,0.392765,92.53318109474333,247
JAMES HUTTON LIMITED,1,388249.0,388249.0,388249.0,0.03775099444105574,0.388249,92.57093208918438,248
UNIVERSITY OF LEICESTER,1,386028.0,386028.0,386028.0,0.03753503777753932,0.386028,92.60846712696193,249
AGRIFOOD X LIMITED,2,384335.0,192167.5,192167.5,0.0373704206540214,0.384335,92.64583754761595,250
SUPPLY DESIGN LIMITED,1,378497.0,378497.0,378497.0,0.03680276869471981,0.378497,92.68264031631067,251
LEAP MICRO AD LTD,3,378371.0,126123.66666666667,99977.0,0.036790517213583805,0.378371,92.71943083352426,252
BIMBOX ASSOCIATES LIMITED,1,377854.0,377854.0,377854.0,0.036740247247335274,0.377854,92.7561710807716,253
UNIVERSITY OF DUNDEE,1,376888.0,376888.0,376888.0,0.036646319225292566,0.376888,92.79281739999689,254
TWINCON LIMITED,1,375514.0,375514.0,375514.0,0.036512719740523746,0.375514,92.82933011973742,255
NMAD LTD,2,374640.0,187320.0,187320.0,0.036427737244389864,0.37464,92.86575785698182,256
WASE LIMITED,1,373193.0,373193.0,373193.0,0.036287039679280333,0.373193,92.9020448966611,257
Harper Adams University,1,372573.0,372573.0,372573.0,0.036226754613373005,0.372573,92.93827165127446,258
EVORALIS LIMITED,1,371726.0,371726.0,371726.0,0.036144397434625414,0.371726,92.97441604870909,259
University of Dundee,1,368336.0,368336.0,368336.0,0.0358147742516805,0.368336,93.01023082296076,260
MANA BIOSYSTEMS LIMITED,2,364484.0,182242.0,182242.0,0.03544022897123691,0.364484,93.045671051932,261
THE JAMES HUTTON INSTITUTE,1,363058.0,363058.0,363058.0,0.03530157331965005,0.363058,93.08097262525166,262
UNIVERSITY OF HERTFORDSHIRE HIGHER EDUCATION CORPORATION,1,360244.0,360244.0,360244.0,0.03502795690761259,0.360244,93.11600058215927,263
LITTLE ORIGINS LTD,1,358753.0,358753.0,358753.0,0.03488298104750319,0.358753,93.15088356320678,264
PHASE BIOLABS LTD,1,358487.0,358487.0,358487.0,0.0348571168095494,0.358487,93.18574068001632,265
Z PRIME LTD,1,355715.0,355715.0,355715.0,0.03458758422455728,0.355715,93.22032826424088,266
UNIVERSITY OF SURREY,1,352304.0,352304.0,352304.0,0.0342559191280897,0.352304,93.25458418336896,267
KRITIKALA UK LTD,2,350000.0,175000.0,175000.0,0.03403189204445988,0.35,93.28861607541342,268
ACET CIRCULAR SOLUTIONS LTD,1,349957.0,349957.0,349957.0,0.03402771098343728,0.349957,93.32264378639685,269
SYMBIOTEC LTD,1,349783.0,349783.0,349783.0,0.03401079227139232,0.349783,93.35665457866824,270
LOW CARBON MATERIALS LIMITED,1,349406.0,349406.0,349406.0,0.03397413506196158,0.349406,93.39062871373021,271
BRILL POWER LIMITED,1,349167.0,349167.0,349167.0,0.03395089614139407,0.349167,93.4245796098716,272
YES RECYCLING LTD,1,348541.0,348541.0,348541.0,0.03389002767162313,0.348541,93.45846963754322,273
LAT WATER LIMITED,1,348464.0,348464.0,348464.0,0.03388254065537334,0.348464,93.49235217819859,274
Bangor University,2,347877.0,173938.5,173938.5,0.03382546431071592,0.347877,93.5261776425093,275
ALP TECHNOLOGIES LTD,2,347450.0,173725.0,173725.0,0.033783945402421675,0.34745,93.55996158791172,276
BIG ATOM LIMITED,1,345646.0,345646.0,345646.0,0.0336085353074268,0.345646,93.59357012321914,277
GKN HYBRID POWER LIMITED,1,344503.0,344503.0,344503.0,0.03349739687140733,0.344503,93.62706752009055,278
AUGEAN PLC,1,342943.0,342943.0,342943.0,0.03334571186686631,0.342943,93.66041323195742,279
RADIANT MATTER LTD,1,342007.0,342007.0,342007.0,0.033254700864141694,0.342007,93.69366793282157,280
CHIPFLOW LIMITED,1,341819.0,341819.0,341819.0,0.03323642087641496,0.341819,93.72690435369799,281
PENTAFORM COMPUTERS LTD,1,339418.0,339418.0,339418.0,0.03300296209698996,0.339418,93.75990731579498,282
GRAMPIAN GROWERS LIMITED,1,337062.0,337062.0,337062.0,0.03277387884654211,0.337062,93.79268119464152,283
AEROGEL CORE LIMITED,1,336804.0,336804.0,336804.0,0.03274879248040648,0.336804,93.82542998712192,284
WPS COMPLIANCE CONSULTING LIMITED,1,335996.0,335996.0,335996.0,0.03267022742677241,0.335996,93.8581002145487,285
ZAHA HADID LIMITED,1,335137.0,335137.0,335137.0,0.03258670344029758,0.335137,93.890686917989,286
DB GROUP (HOLDINGS) LIMITED,1,334027.0,334027.0,334027.0,0.03247877372552801,0.334027,93.92316569171453,287
ILLUMION LTD,1,331832.0,331832.0,331832.0,0.032265345145420614,0.331832,93.95543103685995,288
PROFESSIONAL CONSTRUCTION STRATEGIES GROUP LIMITED,1,331067.0,331067.0,331067.0,0.032190961152809144,0.331067,93.98762199801276,289
ELECTROGENIC LTD.,1,328978.0,328978.0,328978.0,0.03198783937429236,0.328978,94.01960983738705,290
MACE LIMITED,1,326986.0,326986.0,326986.0,0.03179414929157075,0.326986,94.05140398667862,291
NYOBOLT LIMITED,1,326196.0,326196.0,326196.0,0.03171733444952753,0.326196,94.08312132112815,292
MAGNA POWER EQUIPMENT LIMITED,1,326031.0,326031.0,326031.0,0.031701290843278,0.326031,94.11482261197142,293
THE ENERGY SAVING TRUST LIMITED,1,325638.0,325638.0,325638.0,0.03166307789021094,0.325638,94.14648568986163,294
PERKINS ENGINES COMPANY LIMITED,1,324496.0,324496.0,324496.0,0.03155203668816873,0.324496,94.1780377265498,295
LINCOLN STORM LTD,1,324162.0,324162.0,324162.0,0.03151956053976059,0.324162,94.20955728708957,296
KERACOL LIMITED,1,322625.0,322625.0,322625.0,0.03137011191669677,0.322625,94.24092739900627,297
ELECTRA COMMERCIAL VEHICLES LTD,1,322123.0,322123.0,322123.0,0.03132130046010729,0.322123,94.27224869946637,298
SCINTAM ENGINEERING LTD,1,319655.0,319655.0,319655.0,0.031081327004205215,0.319655,94.30333002647058,299
RENTACHERRYTREE LIMITED,1,318993.0,318993.0,318993.0,0.03101695811125255,0.318993,94.33434698458183,300
LANOTECH LTD,2,317380.0,158690.0,158690.0,0.030860119705916227,0.31738,94.36520710428775,301
BALFOUR BEATTY CONSTRUCTION NORTHERN LIMITED,1,315672.0,315672.0,315672.0,0.03069404407273926,0.315672,94.3959011483605,302
REPOLYWISE LIMITED,2,314908.0,157454.0,157454.0,0.03061975731410507,0.314908,94.4265209056746,303
CLOUD CYCLE LTD.,1,314127.0,314127.0,314127.0,0.030543817577857284,0.314127,94.45706472325244,304
MARLOW FOODS LIMITED,1,313700.0,313700.0,313700.0,0.030502298669563048,0.3137,94.487567021922,305
NONWOVENS INNOVATION & RESEARCH INSTITUTE LIMITED,1,312990.0,312990.0,312990.0,0.030433262545701428,0.31299,94.5180002844677,306
EVOLUTOR LIMITED,1,309910.0,309910.0,309910.0,0.030133781895710185,0.30991,94.54813406636342,307
ALTILITECH LTD,1,308099.0,308099.0,308099.0,0.02995769116287442,0.308099,94.5780917575263,308
DUODRIVE LIMITED,1,307910.0,307910.0,307910.0,0.029939313941170408,0.30791,94.60803107146747,309
TWIG BIO LIMITED,1,307898.0,307898.0,307898.0,0.02993814713344317,0.307898,94.63796921860092,310
CELLULAR SYSTEMS (GRANTHAM) LIMITED,2,305906.0,152953.0,152953.0,0.029744457050721557,0.305906,94.66771367565164,311
POWERVAULT LTD,1,305716.0,305716.0,305716.0,0.029725982595040282,0.305716,94.69743965824668,312
LURTIS LIMITED,1,305125.0,305125.0,305125.0,0.02966851731447378,0.305125,94.72710817556116,313
UPGRADE TECHNOLOGY ENGINEERING LTD,1,304242.0,304242.0,304242.0,0.02958265971254447,0.304242,94.7566908352737,314
Keele University,1,303629.0,303629.0,303629.0,0.02952305528447803,0.303629,94.78621389055817,315
SELOXIUM,1,300000.0,300000.0,300000.0,0.029170193180965618,0.3,94.81538408373913,316
Scottish Universities Environmental Research Centre,1,300000.0,300000.0,300000.0,0.029170193180965618,0.3,94.84455427692009,317
GREAT YARMOUTH BOROUGH COUNCIL,1,300000.0,300000.0,300000.0,0.029170193180965618,0.3,94.87372447010105,318
R3V TECH LTD,1,300000.0,300000.0,300000.0,0.029170193180965618,0.3,94.90289466328201,319
DRAGONFLY INSULATION LTD,1,299615.0,299615.0,299615.0,0.029132758099716712,0.299615,94.93202742138173,320
Scotland's Rural College,1,298828.0,298828.0,298828.0,0.029056234959605312,0.298828,94.96108365634134,321
THE IMAGINATION FACTORY LIMITED,2,298500.0,149250.0,149250.0,0.02902434221506079,0.2985,94.99010799855641,322
KPAD LTD,1,298400.0,298400.0,298400.0,0.0290146188173338,0.2984,95.01912261737374,323
SUSTAINABLE SAILING LTD,2,297939.0,148969.5,148969.5,0.028969793953812384,0.297939,95.04809241132754,324
THERMAL COMPACTION GROUP LTD,1,297720.0,297720.0,297720.0,0.028948499712790277,0.29772,95.07704091104034,325
POLLYBELL FARMS LIMITED,1,294830.0,294830.0,294830.0,0.02866749351848031,0.29483,95.10570840455883,326
THAMES21 LIMITED,1,292060.0,292060.0,292060.0,0.028398155401442728,0.29206,95.13410655996027,327
UK AGRI-TECH CENTRE LIMITED,1,290164.0,290164.0,290164.0,0.028213799780539024,0.290164,95.16232035974082,328
London South Bank University,2,289945.0,144972.5,144972.5,0.028192505539516917,0.289945,95.19051286528034,329
GEN 2 CARBON LIMITED,1,288724.0,288724.0,288724.0,0.02807378285327039,0.288724,95.21858664813361,330
HSSMI TRADING LIMITED,1,287686.0,287686.0,287686.0,0.027972853984864248,0.287686,95.24655950211847,331
OXFORDSHIRE COUNTY COUNCIL,1,287429.0,287429.0,287429.0,0.027947864852705888,0.287429,95.27450736697118,332
PRACTICAL ACTION,1,286164.0,286164.0,286164.0,0.027824863871459483,0.286164,95.30233223084264,333
TATE,1,283786.0,283786.0,283786.0,0.027593641473511697,0.283786,95.32992587231615,334
HYDROLIZE LIMITED,1,283067.0,283067.0,283067.0,0.027523730243854648,0.283067,95.35744960256001,335
IONIC RECOVERY LIMITED,1,281963.0,281963.0,281963.0,0.027416383932948693,0.281963,95.38486598649295,336
BUILDINGSMART INTERNATIONAL LIMITED,1,281373.0,281373.0,281373.0,0.027359015886359462,0.281373,95.41222500237932,337
THE TYRE COLLECTIVE,1,277951.0,277951.0,277951.0,0.027026281216141913,0.277951,95.43925128359545,338
GOOD MINE LTD,2,273457.0,136728.5,136728.5,0.026589311722291047,0.273457,95.46584059531774,339
NETCOMPOSITES LIMITED,1,272430.0,272430.0,272430.0,0.02648945242763488,0.27243,95.49233004774538,340
X-RAY MINERAL SERVICES LTD.,1,270861.0,270861.0,270861.0,0.026336892317298428,0.270861,95.51866694006269,341
AGROCEUTICAL PRODUCTS LTD,1,269016.0,269016.0,269016.0,0.026157495629235486,0.269016,95.54482443569192,342
INTELIVITA LIMITED,1,268358.0,268358.0,268358.0,0.026093515672191904,0.268358,95.57091795136411,343
STFC - LABORATORIES,1,266858.0,266858.0,266858.0,0.025947664706287076,0.266858,95.5968656160704,344
S2S ELECTRONICS LTD,1,265110.0,265110.0,265110.0,0.025777699714019314,0.26511,95.62264331578442,345
DUPONT TEIJIN FILMS U.K. LIMITED,1,265008.0,265008.0,265008.0,0.025767781848337785,0.265008,95.64841109763276,346
CARBOGENICS LTD,2,262888.0,131444.0,131444.0,0.02556164581652563,0.262888,95.67397274344928,347
RELONDON: LONDON WASTE AND RECYCLING BOARD,1,262463.0,262463.0,262463.0,0.02552032137618593,0.262463,95.69949306482548,348
ANSYS UK LIMITED,1,262451.0,262451.0,262451.0,0.025519154568458692,0.262451,95.72501221939393,349
VICTREX MANUFACTURING LIMITED,1,260908.0,260908.0,260908.0,0.025369122541531255,0.260908,95.75038134193547,350
CYANETICS LTD.,1,259946.0,259946.0,259946.0,0.02527558345539763,0.259946,95.77565692539086,351
University of Southampton,1,258740.0,258740.0,258740.0,0.025158319278810144,0.25874,95.80081524466968,352
SMARTIA LTD,1,258732.0,258732.0,258732.0,0.025157541406991987,0.258732,95.82597278607668,353
ENTOCYCLE LTD,1,252892.0,252892.0,252892.0,0.024589694979735854,0.252892,95.85056248105641,354
The Open University,1,252520.0,252520.0,252520.0,0.02455352394019146,0.25252,95.8751160049966,355
LGC LTD,1,252440.0,252440.0,252440.0,0.02454574522200987,0.25244,95.89966175021861,356
National Nuclear Laboratory,1,252099.0,252099.0,252099.0,0.024512588435760835,0.252099,95.92417433865437,357
TREEGREEN LIMITED,3,251264.0,83754.66666666667,86685.0,0.024431398064740484,0.251264,95.9486057367191,358
GAS RECOVERY & RECYCLE LIMITED,1,250727.0,250727.0,250727.0,0.024379183418946553,0.250727,95.97298492013805,359
DYNAMIC BOOSTING SYSTEMS LIMITED,1,250000.0,250000.0,250000.0,0.024308494317471348,0.25,95.99729341445551,360
AILARIAN LTD,1,249967.0,249967.0,249967.0,0.024305285596221443,0.249967,96.02159870005174,361
ZF AUTOMOTIVE UK LIMITED,1,248797.0,248797.0,248797.0,0.024191521842815675,0.248797,96.04579022189455,362
THE BIORENEWABLES DEVELOPMENT CENTRE LIMITED,1,246746.0,246746.0,246746.0,0.02399209495543514,0.246746,96.06978231684998,363
LINEAT COMPOSITES LIMITED,1,245112.0,245112.0,245112.0,0.023833214636576148,0.245112,96.09361553148656,364
ALTEK EUROPE LIMITED,1,245036.0,245036.0,245036.0,0.023825824854303637,0.245036,96.11744135634086,365
EVOLUTOR,1,244607.0,244607.0,244607.0,0.023784111478054856,0.244607,96.14122546781891,366
Sheffield Hallam University,1,244162.0,244162.0,244162.0,0.023740842358169756,0.244162,96.16496631017708,367
UNIPART LOGISTICS LIMITED,1,243907.0,243907.0,243907.0,0.023716047693965937,0.243907,96.18868235787104,368
HOMEODYNAMIC AUTONOMY LIMITED,1,242841.0,242841.0,242841.0,0.02361239627419624,0.242841,96.21229475414525,369
PENSANA PLC,1,240804.0,240804.0,240804.0,0.02341433066249748,0.240804,96.23570908480775,370
Rothamsted Research,1,240639.0,240639.0,240639.0,0.02339828705624795,0.240639,96.259107371864,371
CAULI LTD,2,239855.0,119927.5,119927.5,0.023322055618068358,0.239855,96.28242942748207,372
GENERATOR COMPONENTS UK LIMITED,1,238522.0,238522.0,238522.0,0.023192442726367602,0.238522,96.30562187020844,373
NOVATICA TECHNOLOGIES LTD,2,238428.0,119214.0,119214.0,0.023183302732504234,0.238428,96.32880517294095,374
UNITED KINGDOM NATIONAL NUCLEAR LABORATORY LIMITED,1,238101.0,238101.0,238101.0,0.02315150722193698,0.238101,96.35195668016289,375
EQONIC GROUP LIMITED,1,233671.0,233671.0,233671.0,0.02272076070263139,0.233671,96.37467744086551,376
LGC LIMITED,1,232688.0,232688.0,232688.0,0.02262517970297509,0.232688,96.39730262056848,377
IPG AUTOMOTIVE UK LIMITED,1,230033.0,230033.0,230033.0,0.02236702349332355,0.230033,96.4196696440618,378
SEXTON MATERIALS RESEARCH LIMITED,1,228988.0,228988.0,228988.0,0.022265413987076516,0.228988,96.44193505804887,379
LONDON SCH OF HYGIENE & TROPIC. MEDICINE,1,227518.0,227518.0,227518.0,0.02212248004048978,0.227518,96.46405753808936,380
ENVIRONMENTAL RESOURCES MANAGEMENT LIMITED,1,226077.0,226077.0,226077.0,0.02198236587924388,0.226077,96.4860399039686,381
ICOMAT,1,225869.0,225869.0,225869.0,0.021962141211971743,0.225869,96.50800204518058,382
BARUCH ENTERPRISES LIMITED,1,225593.0,225593.0,225593.0,0.021935304634245253,0.225593,96.52993734981482,383
BIOPHILICA LTD,3,220452.0,73484.0,24869.0,0.021435424757100772,0.220452,96.55137277457192,384
ECHO BRAND DESIGN LIMITED,1,218315.0,218315.0,218315.0,0.021227635747675028,0.218315,96.5726004103196,385
PROJECT BLU LTD,1,218136.0,218136.0,218136.0,0.02121023086574372,0.218136,96.59381064118534,386
Edinburgh Napier University,1,216274.0,216274.0,216274.0,0.021029181200067193,0.216274,96.6148398223854,387
ADDIBLE LTD,1,215272.0,215272.0,215272.0,0.020931752754842766,0.215272,96.63577157514025,388
ZORI TEX LTD,5,215021.0,43004.2,50000.0,0.020907347026548024,0.215021,96.6566789221668,389
MIMICA LAB LTD,2,214402.0,107201.0,107201.0,0.020847159194617965,0.214402,96.67752608136142,390
3D METAL PRINTING LTD,1,213979.0,213979.0,213979.0,0.020806029222232805,0.213979,96.69833211058365,391
HYDROLUMINUM LIMITED,1,212039.0,212039.0,212039.0,0.020617395306329226,0.212039,96.71894950588998,392
ORANGEBOX LIMITED,1,211759.0,211759.0,211759.0,0.02059016979269366,0.211759,96.73953967568268,393
PPP GROUP,1,211057.0,211057.0,211057.0,0.020521911540650202,0.211057,96.76006158722333,394
MORMAIR LTD,1,209995.0,209995.0,209995.0,0.02041864905678958,0.209995,96.78048023628013,395
WORLD BIOGAS ASSOCIATION,1,209043.0,209043.0,209043.0,0.02032608231042865,0.209043,96.80080631859056,396
CAMBOND LIMITED,2,208967.0,104483.5,104483.5,0.02031869252815614,0.208967,96.82112501111871,397
HOLIFERM LIMITED,1,208809.0,208809.0,208809.0,0.020303329559747497,0.208809,96.84142834067846,398
BIOPOWER TECHNOLOGIES LIMITED,1,206659.0,206659.0,206659.0,0.020094276508617243,0.206659,96.86152261718708,399
THOMAS SWAN & CO.LIMITED,1,205127.0,205127.0,205127.0,0.01994531405543978,0.205127,96.88146793124251,400
PHYONA LTD,3,203731.0,67910.33333333333,74590.0,0.019809575423171022,0.203731,96.90127750666568,401
COMPACT SYNGAS SOLUTIONS LIMITED,1,202324.0,202324.0,202324.0,0.019672767217152293,0.202324,96.92095027388284,402
Nottingham Trent University,1,202311.0,202311.0,202311.0,0.01967150317544778,0.202311,96.94062177705828,403
LITTER AWARE LIMITED,1,202073.0,202073.0,202073.0,0.01964836148885755,0.202073,96.96027013854714,404
DATALASE HOLDINGS LIMITED,1,201534.0,201534.0,201534.0,0.019595952375109082,0.201534,96.97986609092226,405
MATERIAL CULTURES LTD,1,199152.0,199152.0,199152.0,0.019364341041252214,0.199152,96.99923043196351,406
QUEEN MARGARET UNIVERSITY EDINBURGH,1,198225.0,198225.0,198225.0,0.019274205144323032,0.198225,97.01850463710784,407
IMPERIAL CHEMICAL INDUSTRIES LIMITED,2,197768.0,98884.0,98884.0,0.019229769216710692,0.197768,97.03773440632455,408
Scottish Association For Marine Science,1,197761.0,197761.0,197761.0,0.019229088578869805,0.197761,97.05696349490341,409
BLUE CASTLE BUSINESS SERVICES LTD,1,197467.0,197467.0,197467.0,0.01920050178955246,0.197467,97.07616399669297,410
KENOTEQ LTD,1,197449.0,197449.0,197449.0,0.0191987515779616,0.197449,97.09536274827093,411
CITY OF EDINBURGH COUNCIL,1,195332.0,195332.0,195332.0,0.018992907248081253,0.195332,97.114355655519,412
CAMSCIENCE LIMITED,4,194618.0,48654.5,51725.0,0.018923482188310557,0.194618,97.13327913770732,413
HALLIDAYS HYDROPOWER LIMITED,1,194285.0,194285.0,194285.0,0.018891103273879682,0.194285,97.15217024098119,414
CASCADE WATER PRODUCTS LIMITED,1,193481.0,193481.0,193481.0,0.018812927156154693,0.193481,97.17098316813734,415
ROOKWOOD OPERATIONS LTD,1,190020.0,190020.0,190020.0,0.01847640036082362,0.19002,97.18945956849817,416
UBERBINDER LIMITED,1,189528.0,189528.0,189528.0,0.01842856124400684,0.189528,97.20788812974217,417
OTASKI ENERGY SOLUTIONS LTD,1,189329.0,189329.0,189329.0,0.01840921168253013,0.189329,97.2262973414247,418
ELENTEC LIMITED,1,189016.0,189016.0,189016.0,0.018378777447644656,0.189016,97.24467611887235,419
INHERITING EARTH LIMITED,2,187962.0,93981.0,93981.0,0.018276292835602195,0.187962,97.26295241170796,420
IN-CYCLE LTD,2,186508.0,93254.0,93254.0,0.018134914632651784,0.186508,97.28108732634061,421
CARBON8 SYSTEMS LIMITED,1,185715.0,185715.0,185715.0,0.018057808088676765,0.185715,97.29914513442928,422
G'S GROWERS LIMITED,1,185557.0,185557.0,185557.0,0.018042445120268123,0.185557,97.31718757954955,423
LOOP INFINITY LTD,1,184412.0,184412.0,184412.0,0.017931112216294103,0.184412,97.33511869176584,424
100% RECYCLED PANEL COMPANY LIMITED,1,183218.0,183218.0,183218.0,0.01781501484743386,0.183218,97.35293370661327,425
LET'S GO ZERO LTD,1,181755.0,181755.0,181755.0,0.01767276153868802,0.181755,97.37060646815196,426
MATERIOM LIMITED,2,180467.0,90233.5,90233.5,0.017547524175964408,0.180467,97.38815399232793,427
PETIT PLI LIMITED,2,179771.0,89885.5,89885.5,0.017479849327784566,0.179771,97.40563384165571,428
ZEAL LIFESTYLE LTD,3,178526.0,59508.666666666664,50000.0,0.01735879302608356,0.178526,97.42299263468179,429
JJENERGY LIMITED,1,178017.0,178017.0,178017.0,0.01730930093165319,0.178017,97.44030193561345,430
GENETIC MICRODEVICES LIMITED,1,174998.0,174998.0,174998.0,0.017015751554275402,0.174998,97.45731768716772,431
SENSORY DESIGN & TECHNOLOGY LTD,1,174942.0,174942.0,174942.0,0.017010306451548288,0.174942,97.47432799361927,432
BLUE VINE CONSULTING LIMITED,1,172420.0,172420.0,172420.0,0.01676508236087364,0.17242,97.49109307598015,433
ICONIQ INNOVATION LTD,1,171887.0,171887.0,171887.0,0.01671325665098879,0.171887,97.50780633263113,434
STRUCLOCK LIMITED,3,170387.0,56795.666666666664,46828.0,0.016567405685083962,0.170387,97.52437373831621,435
CARDIFF METROPOLITAN UNIVERSITY,1,168170.0,168170.0,168170.0,0.016351837957476627,0.16817,97.54072557627369,436
SPORTEX GROUP LTD,1,168119.0,168119.0,168119.0,0.01634687902463586,0.168119,97.55707245529833,437
RECYCL8 LIMITED,1,166602.0,166602.0,166602.0,0.016199375081117448,0.166602,97.57327183037944,438
YELLOW SUB GEO LTD,1,165724.0,165724.0,165724.0,0.016114003649074487,0.165724,97.58938583402852,439
ABOVE SURVEYING LTD,1,164907.0,164907.0,164907.0,0.01603456348964499,0.164907,97.60542039751816,440
THELITTLELOOP,1,162257.0,162257.0,162257.0,0.015776893449879793,0.162257,97.62119729096804,441
MORPHY RICHARDS LIMITED,1,158776.0,158776.0,158776.0,0.015438421975003322,0.158776,97.63663571294305,442
IN2TEC LIMITED,1,155537.0,155537.0,155537.0,0.015123481122626164,0.155537,97.65175919406568,443
LIGHTRICITY LIMITED,2,154965.0,77482.5,77482.5,0.01506786328762779,0.154965,97.6668270573533,444
SUNDEALA LIMITED,1,153051.0,153051.0,153051.0,0.014881757455133227,0.153051,97.68170881480843,445
CODESMITH TECHNOLOGY LTD,1,152980.0,152980.0,152980.0,0.014874853842747067,0.15298,97.69658366865117,446
FLOREON-TRANSFORMING PACKAGING LTD,1,150510.0,150510.0,150510.0,0.014634685918890451,0.15051,97.71121835457006,447
ECONIC TECHNOLOGIES LTD,1,150111.0,150111.0,150111.0,0.014595889561959764,0.150111,97.72581424413202,448
LONDON BOROUGH OF NEWHAM,1,149999.0,149999.0,149999.0,0.014584999356505538,0.149999,97.74039924348853,449
CUPCLUB LIMITED,1,149815.0,149815.0,149815.0,0.01456710830468788,0.149815,97.75496635179321,450
WESTMORLAND AND FURNESS COUNCIL,1,149299.0,149299.0,149299.0,0.01451693557241662,0.149299,97.76948328736563,451
CENTRAL PHARMA CONTRACT PACKING LIMITED,1,148543.0,148543.0,148543.0,0.014443426685600586,0.148543,97.78392671405123,452
UNIVERSITY OF SOUTH WALES,1,148214.0,148214.0,148214.0,0.014411436707078791,0.148214,97.79833815075831,453
OPRL LIMITED,1,147708.0,147708.0,147708.0,0.014362236314580232,0.147708,97.8127003870729,454
SCOTTISH ASSOCIATION FOR MARINE SCIENCE,1,146938.0,146938.0,146938.0,0.014287366152082419,0.146938,97.82698775322498,455
REMANUFACTURED PARTS LTD,1,146692.0,146692.0,146692.0,0.014263446593674027,0.146692,97.84125119981866,456
DROCHAID RESEARCH SERVICES LIMITED,1,145416.0,145416.0,145416.0,0.014139376038677653,0.145416,97.85539057585734,457
LECYCLE LTD,1,145300.0,145300.0,145300.0,0.014128096897314348,0.1453,97.86951867275465,458
CORNISH FARM DAIRY LIMITED,1,144468.0,144468.0,144468.0,0.014047198228225803,0.144468,97.88356587098288,459
BOTANICO DESIGN LTD,1,140732.0,140732.0,140732.0,0.01368393208914551,0.140732,97.89724980307203,460
TRUSTMARK (2005) LIMITED,1,140585.0,140585.0,140585.0,0.013669638694486837,0.140585,97.91091944176651,461
TEXFELT LIMITED,1,140545.0,140545.0,140545.0,0.013665749335396042,0.140545,97.92458519110191,462
MANCHESTER METROPOLITAN UNIVERSITY,1,139871.0,139871.0,139871.0,0.01360021363471614,0.139871,97.93818540473663,463
ASTOR-BANNERMAN (MEDICAL) LIMITED,1,139584.0,139584.0,139584.0,0.013572307483239681,0.139584,97.95175771221987,464
E1 DATASCIENCE LTD,1,135616.0,135616.0,135616.0,0.013186483061432776,0.135616,97.9649441952813,465
MAJICO LTD,1,134368.0,134368.0,134368.0,0.01306513505779996,0.134368,97.9780093303391,466
INTELLEGENS LIMITED,1,129036.0,129036.0,129036.0,0.01254668349099693,0.129036,97.9905560138301,467
KEEN LIMITED,1,127553.0,127553.0,127553.0,0.012402485502705693,0.127553,98.0029584993328,468
CIRCULOR LTD,1,127037.0,127037.0,127037.0,0.01235231277043443,0.127037,98.01531081210324,469
COAXIAL POWER SYSTEMS LIMITED,1,126203.0,126203.0,126203.0,0.012271219633391346,0.126203,98.02758203173663,470
ZERO WASTE WORKS LIMITED,3,124983.0,41661.0,50000.0,0.012152594181122087,0.124983,98.03973462591775,471
FULLER THREE LIMITED,2,124967.0,62483.5,62483.5,0.012151038437485768,0.124967,98.05188566435523,472
RIVERSIMPLE MOVEMENT LIMITED,1,124664.0,124664.0,124664.0,0.012121576542372992,0.124664,98.0640072408976,473
PLASTIC ENERGY LIMITED,1,123591.0,123591.0,123591.0,0.012017244484762405,0.123591,98.07602448538236,474
DE GRAFT MANAGEMENT LTD,2,123227.0,61613.5,61613.5,0.011981851317036166,0.123227,98.0880063366994,475
YR ARDD FADARCH ERYRI CYF.,2,121714.0,60857.0,60857.0,0.01183473630942683,0.121714,98.09984107300882,476
UNIVERSITY OF EAST LONDON,1,121555.0,121555.0,121555.0,0.011819276107040918,0.121555,98.11166034911587,477
ENTOPLAST LTD,2,119563.0,59781.5,59781.5,0.011625586024319306,0.119563,98.12328593514019,478
GALSON SCIENCES LIMITED,1,119460.0,119460.0,119460.0,0.01161557092466051,0.11946,98.13490150606485,479
TFP HYDROGEN PRODUCTS LIMITED,1,118972.0,118972.0,118972.0,0.011568120743752804,0.118972,98.1464696268086,480
DEAKIN BIO-HYBRID MATERIALS LTD,2,114384.0,57192.0,57192.0,0.01112201125603857,0.114384,98.15759163806463,481
MAGNETIC SYSTEMS TECHNOLOGY LIMITED,1,112316.0,112316.0,112316.0,0.010920931391044447,0.112316,98.16851256945567,482
AQUAVITRUM LTD,1,112309.0,112309.0,112309.0,0.010920250753203558,0.112309,98.17943282020887,483
Birmingham City University,1,111907.0,111907.0,111907.0,0.010881162694341064,0.111907,98.19031398290322,484
UNIVERSITY OF ABERTAY DUNDEE,1,111892.0,111892.0,111892.0,0.010879704184682015,0.111892,98.20119368708791,485
University of Plymouth,2,110967.0,55483.5,55483.5,0.010789762755707371,0.110967,98.21198344984361,486
MICROBIOTECH LTD,1,107511.0,107511.0,107511.0,0.010453722130262648,0.107511,98.22243717197388,487
WIKKI LIMITED,1,105867.0,105867.0,105867.0,0.010293869471630957,0.105867,98.2327310414455,488
THE UNIVERSITY OF ULSTER,1,105677.0,105677.0,105677.0,0.010275395015949679,0.105677,98.24300643646146,489
UNIVERSITY OF EAST ANGLIA,1,102480.0,102480.0,102480.0,0.009964537990617854,0.10248,98.25297097445207,490
RECYCLING OF USED PLASTICS LIMITED,1,101295.0,101295.0,101295.0,0.00984931572755304,0.101295,98.26282029017962,491
STEEL CONSTRUCTION INSTITUTE(THE),1,100824.0,100824.0,100824.0,0.009803518524258925,0.100824,98.27262380870388,492
MINDFULLY WIRED COMMUNICATIONS LTD.,1,100794.0,100794.0,100794.0,0.009800601504940828,0.100794,98.28242441020882,493
AVGO BIOTECH LTD,1,100424.0,100424.0,100424.0,0.009764624933350969,0.100424,98.29218903514217,494
LANCASTER UNIVERSITY,1,100229.0,100229.0,100229.0,0.009745664307783343,0.100229,98.30193469944996,495
PEARWALK ENGINEERING LIMITED,1,100000.0,100000.0,100000.0,0.009723397726988539,0.1,98.31165809717695,496
CHITEXO LIMITED,1,99999.0,99999.0,99999.0,0.00972330049301127,0.099999,98.32138139766995,497
JONAS SEAFOOD LIMITED,1,99997.0,99997.0,99997.0,0.00972310602505673,0.099997,98.33110450369502,498
CIRCULARITI LTD,1,99988.0,99988.0,99988.0,0.0097222309192613,0.099988,98.34082673461428,499
MADEBY PLANET EARTH LTD,2,99980.0,49990.0,49990.0,0.009721453047443141,0.09998,98.35054818766173,500
REVIVE ECO LTD.,1,99977.0,99977.0,99977.0,0.009721161345511332,0.099977,98.36026934900724,501
DFS COMPOSITES LIMITED,1,99972.0,99972.0,99972.0,0.009720675175624983,0.099972,98.36999002418287,502
INTELLIGENT ENERGY LIMITED,1,99972.0,99972.0,99972.0,0.009720675175624983,0.099972,98.3797106993585,503
CAPSHALL TECHNOLOGIES (UK) LTD,1,99960.0,99960.0,99960.0,0.009719508367897743,0.09996,98.38943020772639,504
DRAUGHT DROP LTD,1,99899.0,99899.0,99899.0,0.009713577095284281,0.099899,98.39914378482167,505
INDUSTRIAL TOMOGRAPHY SYSTEMS LTD,1,99824.0,99824.0,99824.0,0.009706284546989038,0.099824,98.40885006936867,506
VISTRY HOMES LIMITED,1,99823.0,99823.0,99823.0,0.009706187313011769,0.099823,98.41855625668168,507
NOT USUAL LIMITED,1,99780.0,99780.0,99780.0,0.009702006251989163,0.09978,98.42825826293367,508
CLEOBURY PROJECT MANAGEMENT LIMITED,1,99558.0,99558.0,99558.0,0.009680420309035249,0.099558,98.4379386832427,509
THE TECHNOLOGY RESEARCH CENTRE LIMITED,1,99360.0,99360.0,99360.0,0.009661167981535813,0.09936,98.44759985122424,510
RECYCLATRACK LIMITED,2,99326.0,49663.0,49663.0,0.009657862026308636,0.099326,98.45725771325054,511
LEEDS GALVANISING & POWDER COATING LIMITED,1,99323.0,99323.0,99323.0,0.009657570324376826,0.099323,98.46691528357492,512
OWEN MUMFORD LIMITED,1,99262.0,99262.0,99262.0,0.009651639051763363,0.099262,98.47656692262669,513
BULLION TECH LTD,1,99049.0,99049.0,99049.0,0.009630928214604878,0.099049,98.4861978508413,514
ARALIA SYSTEMS LIMITED,1,99040.0,99040.0,99040.0,0.009630053108809449,0.09904,98.4958279039501,515
GLASSBUSTERS LIMITED,1,99000.0,99000.0,99000.0,0.009626163749718654,0.099,98.50545406769982,516
FRUIT BOWL LTD,1,98872.0,98872.0,98872.0,0.009613717800628108,0.098872,98.51506778550045,517
RYPE OFFICE LTD,1,98487.0,98487.0,98487.0,0.009576282719379202,0.098487,98.52464406821983,518
WOODROW SCIENTIFIC LIMITED,1,98386.0,98386.0,98386.0,0.009566462087674943,0.098386,98.5342105303075,519
NPL MANAGEMENT LIMITED,1,98225.0,98225.0,98225.0,0.009550807417334493,0.098225,98.54376133772485,520
ENTURI SOLUTIONS LTD,1,97953.0,97953.0,97953.0,0.009524359775517084,0.097953,98.55328569750036,521
MIALGAE LTD,1,97804.0,97804.0,97804.0,0.00950987191290387,0.097804,98.56279556941325,522
BASE MATERIALS LIMITED,1,97728.0,97728.0,97728.0,0.00950248213063136,0.097728,98.57229805154388,523
CUANTEC LIMITED,1,97367.0,97367.0,97367.0,0.009467380664836931,0.097367,98.58176543220871,524
STARLING CYCLES LIMITED,1,97287.0,97287.0,97287.0,0.009459601946655339,0.097287,98.59122503415537,525
ALPHABOND TECHNOLOGIES LIMITED,1,97096.0,97096.0,97096.0,0.009441030256996791,0.097096,98.60066606441237,526
CRESS CARBON REDUCING ENERGY STORAGE SYSTEMS LIMITED,1,96476.0,96476.0,96476.0,0.009380745191089463,0.096476,98.61004680960346,527
BOMAC ELECTRIC LIMITED,1,96041.0,96041.0,96041.0,0.009338448410977062,0.096041,98.61938525801443,528
VM SYSTEMS LIMITED,1,95413.0,95413.0,95413.0,0.009277385473251574,0.095413,98.62866264348769,529
SPACE FORGE LIMITED,1,95251.0,95251.0,95251.0,0.009261633568933853,0.095251,98.63792427705663,530
TECEXEC LIMITED,1,95070.0,95070.0,95070.0,0.009244034219048004,0.09507,98.64716831127568,531
HEXIGONE INHIBITORS LIMITED,1,95056.0,95056.0,95056.0,0.009242672943366226,0.095056,98.65641098421905,532
ODQA RENEWABLE ENERGY TECHNOLOGIES LIMITED,1,94229.0,94229.0,94229.0,0.00916226044416403,0.094229,98.66557324466322,533
BIOMATRIX WATER SOLUTIONS LIMITED,1,94127.0,94127.0,94127.0,0.009152342578482502,0.094127,98.67472558724171,534
RSSCAN LAB. LTD.,1,94038.0,94038.0,94038.0,0.009143688754505483,0.094038,98.68386927599622,535
CHESTNUT BIO POLYMERS LTD,1,90682.0,90682.0,90682.0,0.008817371526787746,0.090682,98.692686647523,536
SLN SUSTAINABILITY LTD,2,90000.0,45000.0,45000.0,0.008751057954289685,0.09,98.70143770547729,537
THE UNIVERSITY OF HULL,1,89530.0,89530.0,89530.0,0.00870535798497284,0.08953,98.71014306346227,538
DEEP TECH CONSULTING LIMITED,2,89186.0,44593.0,44593.0,0.008671909496791998,0.089186,98.71881497295907,539
FOUNDATION FOR ENVIRONMENTAL EDUCATION,1,89163.0,89163.0,89163.0,0.008669673115314792,0.089163,98.72748464607439,540
HELIONIX DEVELOPMENTS LIMITED,1,88535.0,88535.0,88535.0,0.008608610177589304,0.088535,98.73609325625198,541
UNIVERSITY OF CENTRAL LANCASHIRE,1,87751.0,87751.0,87751.0,0.008532378739409712,0.087751,98.74462563499138,542
BRAND CONSCIENCE LTD,1,86419.0,86419.0,86419.0,0.008402863081686225,0.086419,98.75302849807306,543
Bath Spa University,1,85251.0,85251.0,85251.0,0.008289293796235,0.085251,98.7613177918693,544
BIOATARAXIS LTD,1,84998.0,84998.0,84998.0,0.008264693599985717,0.084998,98.76958248546929,545
TONGADIVE LTD,1,84649.0,84649.0,84649.0,0.008230758941918527,0.084649,98.7778132444112,546
SANITARY OWL LTD,1,83415.0,83415.0,83415.0,0.00811077221396749,0.083415,98.78592401662517,547
AUTOCRAFT DRIVETRAIN SOLUTIONS LIMITED,2,83006.0,41503.0,41503.0,0.008071003517264107,0.083006,98.79399502014243,548
BIRMINGHAM CHAMBER OF COMMERCE AND INDUSTRY,1,83000.0,83000.0,83000.0,0.008070420113400487,0.083,98.80206544025583,549
National Archives,1,82188.0,82188.0,82188.0,0.00799146612385734,0.082188,98.81005690637969,550
I3D ROBOTICS LTD,1,81785.0,81785.0,81785.0,0.007952280831017577,0.081785,98.8180091872107,551
ICARUUS LIMITED,1,80928.0,80928.0,80928.0,0.007868951312497284,0.080928,98.82587813852321,552
SATATLAND LTD,1,79725.0,79725.0,79725.0,0.007751978837841613,0.079725,98.83363011736105,553
TUMBLEBUG LIMITED,1,79708.0,79708.0,79708.0,0.007750325860228025,0.079708,98.84138044322128,554
University of Wolverhampton,1,79430.0,79430.0,79430.0,0.007723294814546997,0.07943,98.84910373803584,555
PLASTECOWOOD LIMITED,1,78974.0,78974.0,78974.0,0.007678956120911929,0.078974,98.85678269415675,556
OSHUN LABS LTD,1,78949.0,78949.0,78949.0,0.007676525271480182,0.078949,98.86445921942823,557
University of Lancashire,1,78527.0,78527.0,78527.0,0.00763549253307229,0.078527,98.8720947119613,558
DZP TECHNOLOGIES LIMITED,1,78492.0,78492.0,78492.0,0.007632089343867844,0.078492,98.87972680130517,559
PEAK TO PEAK MEASUREMENT SOLUTIONS LTD.,1,78172.0,78172.0,78172.0,0.007600974471141481,0.078172,98.88732777577631,560
A STATE OF NATURE LTD,1,78050.0,78050.0,78050.0,0.007589111925914555,0.07805,98.89491688770222,561
PENNOG LIMITED,1,77240.0,77240.0,77240.0,0.007510352404325947,0.07724,98.90242724010655,562
WORKING ENVIRONMENTS FURNITURE LTD.,1,76883.0,76883.0,76883.0,0.007475639874440598,0.076883,98.90990287998099,563
WILLIAM OAK DIAGNOSTICS LIMITED,1,76561.0,76561.0,76561.0,0.007444330533759695,0.076561,98.91734721051475,564
AGUA DB LTD,1,75493.0,75493.0,75493.0,0.007340484646035457,0.075493,98.92468769516078,565
CULTIVATE CORNWALL C.I.C.,1,75357.0,75357.0,75357.0,0.007327260825126754,0.075357,98.9320149559859,566
CGA SIMULATION LIMITED,1,74983.0,74983.0,74983.0,0.007290895317627816,0.074983,98.93930585130353,567
WOVEN BIO LIMITED,2,74971.0,37485.5,37485.5,0.007289728509900578,0.074971,98.94659557981343,568
TRIBOSONICS LTD,1,74943.0,74943.0,74943.0,0.007287005958537021,0.074943,98.95388258577196,569
FUTURE BY INSECTS LIMITED,2,74938.0,37469.0,37469.0,0.007286519788650672,0.074938,98.96116910556061,570
RESTAURANT BOX LIMITED,1,74859.0,74859.0,74859.0,0.007278838304446351,0.074859,98.96844794386506,571
ACS CLOTHING LIMITED,1,74675.0,74675.0,74675.0,0.007260947252628692,0.074675,98.97570889111769,572
TRANSFORMATIONAL ENERGY LIMITED,2,74390.0,37195.0,37195.0,0.007233235569106774,0.07439,98.9829421266868,573
AGAVE NETWORKS LIMITED,2,74120.0,37060.0,37060.0,0.007206982395243905,0.07412,98.99014910908204,574
ECOMAR PROPULSION LTD,1,72626.0,72626.0,72626.0,0.007061714833202696,0.072626,98.99721082391524,575
MCT REMAN LIMITED,1,71968.0,71968.0,71968.0,0.006997734876159111,0.071968,99.0042085587914,576
Carbon8 Systems Ltd,1,71357.0,71357.0,71357.0,0.006938324916047212,0.071357,99.01114688370745,577
TRISTAN HESSING LTD,2,70399.0,35199.5,35199.5,0.006845174765822661,0.070399,99.01799205847328,578
HYGIENIC WASTE CO. LTD,1,70000.0,70000.0,70000.0,0.006806378408891977,0.07,99.02479843688218,579
MATRIX RECYCLING SYSTEMS LTD,1,69845.0,69845.0,69845.0,0.006791307142415145,0.069845,99.0315897440246,580
JOHNSON MATTHEY BATTERY SYSTEMS ENGINEERING LIMITED,1,69822.0,69822.0,69822.0,0.006789070760937938,0.069822,99.03837881478555,581
CHIP[S] BOARD LTD,1,69649.0,69649.0,69649.0,0.006772249282870247,0.069649,99.04515106406842,582
ENOVATION CONSULTING LIMITED,1,69463.0,69463.0,69463.0,0.006754163763098048,0.069463,99.05190522783151,583
AVL POWERTRAIN UK LIMITED,1,68995.0,68995.0,68995.0,0.006708658261735743,0.068995,99.05861388609324,584
UVAMED LTD,1,67312.0,67312.0,67312.0,0.006545013477990526,0.067312,99.06515889957123,585
BIOMARA LIMITED,1,66416.0,66416.0,66416.0,0.006457891834356707,0.066416,99.07161679140559,586
MATERIAL INDEX LTD,1,66334.0,66334.0,66334.0,0.006449918648220577,0.066334,99.0780667100538,587
ORIGIN PEPTIDES LIMITED,1,64466.0,64466.0,64466.0,0.006268285578680432,0.064466,99.08433499563249,588
IS-INSTRUMENTS LIMITED,1,64164.0,64164.0,64164.0,0.0062389209175449266,0.064164,99.09057391655003,589
ZERO PETROLEUM LIMITED,1,63188.0,63188.0,63188.0,0.006144020555729518,0.063188,99.09671793710575,590
REATH TECHNOLOGY LTD,2,63161.0,31580.5,31580.5,0.006141395238343231,0.063161,99.1028593323441,591
LIGHTNING MACHINES LIMITED,1,60752.0,60752.0,60752.0,0.005907158587100077,0.060752,99.1087664909312,592
FOOD FORWARD LTD,1,59979.0,59979.0,59979.0,0.005831996722670456,0.059979,99.11459848765388,593
OSMOSE STUDIO LTD,2,59873.0,29936.5,29936.5,0.005821689921079848,0.059873,99.12042017757496,594
EDGETRIX (UK) LTD,1,59800.0,59800.0,59800.0,0.005814591840739147,0.0598,99.1262347694157,595
FRE-ENERGY LIMITED,1,59776.0,59776.0,59776.0,0.005812258225284669,0.059776,99.132047027641,596
JACOBS CLEAN ENERGY LIMITED,1,59711.0,59711.0,59711.0,0.0058059380167621265,0.059711,99.13785296565776,597
ETHOS VO LIMITED,1,59629.0,59629.0,59629.0,0.005797964830625995,0.059629,99.14365093048838,598
TOOTHBRUSH CLUB LTD,1,59266.0,59266.0,59266.0,0.005762668896877027,0.059266,99.14941359938526,599
TURBINE SURFACE TECHNOLOGIES LIMITED,1,59143.0,59143.0,59143.0,0.005750709117672831,0.059143,99.15516430850293,600
C2 TECHNOLOGY LLP,1,56838.0,56838.0,56838.0,0.005526584800065746,0.056838,99.160690893303,601
GURIT (UK) LIMITED,1,56721.0,56721.0,56721.0,0.005515208424725169,0.056721,99.16620610172772,602
ENTELEA LIMITED,1,54220.0,54220.0,54220.0,0.005272026247573186,0.05422,99.17147812797529,603
SOLSTICE ASSOCIATES LIMITED,1,53609.0,53609.0,53609.0,0.005212616287461286,0.053609,99.17669074426276,604
ROYAL COLLEGE OF ART,1,53069.0,53069.0,53069.0,0.005160109939735548,0.053069,99.1818508542025,605
HIGHLAND DESIGN ENGINEERING LIMITED,1,52548.0,52548.0,52548.0,0.005109451037577937,0.052548,99.18696030524008,606
ENTOMICS BIOSYSTEMS LIMITED,1,52136.0,52136.0,52136.0,0.005069390638942744,0.052136,99.19202969587901,607
SPRCOE LIMITED,1,51989.0,51989.0,51989.0,0.005055097244284071,0.051989,99.1970847931233,608
HEWITT STUDIOS LLP,1,51696.0,51696.0,51696.0,0.0050266076889439945,0.051696,99.20211140081224,609
Kingston University,1,50703.0,50703.0,50703.0,0.004930054349514998,0.050703,99.20704145516176,610
ECODISCO LTD,1,50059.0,50059.0,50059.0,0.004867435668153192,0.050059,99.21190889082992,611
ELECTROFIT INDUSTRIAL SOLUTIONS LTD,1,50000.0,50000.0,50000.0,0.004861698863494269,0.05,99.21677058969341,612
STUDIO JUTTA GOESSL LTD,1,50000.0,50000.0,50000.0,0.004861698863494269,0.05,99.2216322885569,613
PLASTIC@BAY CIC,1,50000.0,50000.0,50000.0,0.004861698863494269,0.05,99.2264939874204,614
INOTECH LTD,1,50000.0,50000.0,50000.0,0.004861698863494269,0.05,99.23135568628389,615
JEANIUS TECHNOLOGIES LIMITED,1,50000.0,50000.0,50000.0,0.004861698863494269,0.05,99.23621738514738,616
JWEL LTD,1,50000.0,50000.0,50000.0,0.004861698863494269,0.05,99.24107908401088,617
BRUCE ASBESTOS LIMITED,1,50000.0,50000.0,50000.0,0.004861698863494269,0.05,99.24594078287437,618
LABCYCLE LTD,1,50000.0,50000.0,50000.0,0.004861698863494269,0.05,99.25080248173786,619
THE STITCH COMPANY (KEIGHLEY) LIMITED,1,50000.0,50000.0,50000.0,0.004861698863494269,0.05,99.25566418060136,620
TAYLOR YATES LIMITED,1,50000.0,50000.0,50000.0,0.004861698863494269,0.05,99.26052587946485,621
NOBOXX LIMITED,1,50000.0,50000.0,50000.0,0.004861698863494269,0.05,99.26538757832834,622
WONKI COLLECTIVE LTD,1,50000.0,50000.0,50000.0,0.004861698863494269,0.05,99.27024927719184,623
POLYTAG LIMITED,1,50000.0,50000.0,50000.0,0.004861698863494269,0.05,99.27511097605533,624
PLANET FRIENDLY PAINT LTD,1,50000.0,50000.0,50000.0,0.004861698863494269,0.05,99.27997267491882,625
STIX MINDFULNESS LTD,1,50000.0,50000.0,50000.0,0.004861698863494269,0.05,99.28483437378232,626
REBECCA PAGE LIMITED,1,50000.0,50000.0,50000.0,0.004861698863494269,0.05,99.28969607264581,627
SOLARISKIT LTD,1,50000.0,50000.0,50000.0,0.004861698863494269,0.05,99.2945577715093,628
RUBY MOON DESIGN COMMUNITY INTEREST COMPANY,1,50000.0,50000.0,50000.0,0.004861698863494269,0.05,99.2994194703728,629
E.L.V. DENIM LIMITED,1,50000.0,50000.0,50000.0,0.004861698863494269,0.05,99.30428116923629,630
GREEN ROSE CHEMISTRY LTD,1,50000.0,50000.0,50000.0,0.004861698863494269,0.05,99.30914286809978,631
CHANODIL LTD,1,50000.0,50000.0,50000.0,0.004861698863494269,0.05,99.31400456696328,632
TRACKGENESIS LIMITED,1,50000.0,50000.0,50000.0,0.004861698863494269,0.05,99.31886626582677,633
PROHEMPOTIC LTD,1,50000.0,50000.0,50000.0,0.004861698863494269,0.05,99.32372796469026,634
PROTIOMIX LIMITED,1,49999.0,49999.0,49999.0,0.004861601629516999,0.049999,99.32858956631978,635
ADVANCED ANALYTICS LABS LTD,1,49996.0,49996.0,49996.0,0.00486130992758519,0.049996,99.33345087624737,636
RUSTY DESIGN LIMITED,1,49996.0,49996.0,49996.0,0.00486130992758519,0.049996,99.33831218617496,637
ENERGY DIAGNOSTICS LIMITED,1,49993.0,49993.0,49993.0,0.0048610182256533805,0.049993,99.34317320440061,638
GIVE YOUR BEST C.I.C.,1,49992.0,49992.0,49992.0,0.0048609209916761105,0.049992,99.34803412539229,639
FERMENTATION TECHNOLOGIES LTD,1,49987.0,49987.0,49987.0,0.004860434821789761,0.049987,99.35289456021408,640
CIRCULOIL LTD,1,49986.0,49986.0,49986.0,0.0048603375878124916,0.049986,99.3577548978019,641
DEXET TECHNOLOGIES LIMITED,1,49978.0,49978.0,49978.0,0.004859559715994332,0.049978,99.36261445751789,642
BERKELEY COACHWORKS LTD,1,49971.0,49971.0,49971.0,0.004858879078153443,0.049971,99.36747333659605,643
AUGMENTED SOLUTIONS LIMITED,1,49969.0,49969.0,49969.0,0.004858684610198903,0.049969,99.37233202120625,644
ULSTER ENGINEERING LIMITED,1,49961.0,49961.0,49961.0,0.004857906738380744,0.049961,99.37718992794463,645
METAMATERIALS LTD,1,49955.0,49955.0,49955.0,0.004857323334517124,0.049955,99.38204725127915,646
THE HOME OF SUSTAINABLE THINGS LIMITED,1,49952.0,49952.0,49952.0,0.004857031632585315,0.049952,99.38690428291173,647
USEFUL SIMPLE PROJECTS LIMITED,2,49950.0,24975.0,24975.0,0.004856837164630775,0.04995,99.39176112007635,648
NEELA BIOTECH LTD,1,49948.0,49948.0,49948.0,0.004856642696676235,0.049948,99.39661776277303,649
VOITTAA LTD,1,49942.0,49942.0,49942.0,0.004856059292812616,0.049942,99.40147382206584,650
THE LOOM APP LTD,1,49939.0,49939.0,49939.0,0.0048557675908808065,0.049939,99.40632958965672,651
SAMTECH INDUSTRIES LIMITED,1,49932.0,49932.0,49932.0,0.004855086953039918,0.049932,99.41118467660976,652
THE LUXE WITHIN LTD,1,49930.0,49930.0,49930.0,0.004854892485085378,0.04993,99.41603956909485,653
ENTURI ENERGY LTD,1,49916.0,49916.0,49916.0,0.0048535312094036,0.049916,99.42089310030426,654
FARMER CHARLIE LTD,1,49888.0,49888.0,49888.0,0.0048508086580400425,0.049888,99.42574390896229,655
IN-THEBOX.CO.UK LIMITED,1,49883.0,49883.0,49883.0,0.004850322488153693,0.049883,99.43059423145044,656
ARE YOU MAD WORLDWIDE LTD,1,49883.0,49883.0,49883.0,0.004850322488153693,0.049883,99.4354445539386,657
BOOKS & PIECES LIMITED,1,49882.0,49882.0,49882.0,0.0048502252541764235,0.049882,99.44029477919277,658
MARINE ELECTRIFICATION SOLUTIONS LTD,1,49869.0,49869.0,49869.0,0.004848961212471915,0.049869,99.44514374040524,659
GYROPLANT LIMITED,1,49834.0,49834.0,49834.0,0.0048455580232674685,0.049834,99.4499892984285,660
REBLADE LIMITED,1,49802.0,49802.0,49802.0,0.004842446535994832,0.049802,99.4548317449645,661
540 WORLD LLP,1,49755.0,49755.0,49755.0,0.004837876539063147,0.049755,99.45966962150355,662
THE POURED PROJECT LTD,1,49752.0,49752.0,49752.0,0.004837584837131337,0.049752,99.46450720634068,663
VAPOROTECH LIMITED,1,49750.0,49750.0,49750.0,0.004837390369176798,0.04975,99.46934459670986,664
AMORPHOUS TECHNOLOGIES AND ENGINEERING LTD,1,49735.0,49735.0,49735.0,0.004835931859517749,0.049735,99.47418052856938,665
WHITE FROG PUBLISHING LIMITED,1,49720.0,49720.0,49720.0,0.004834473349858702,0.04972,99.47901500191924,666
RE HYDROGEN LIMITED,1,49700.0,49700.0,49700.0,0.004832528670313304,0.0497,99.48384753058956,667
GO ROLLOE LTD,1,49690.0,49690.0,49690.0,0.004831556330540605,0.04969,99.4886790869201,668
LONDON SNEAKER SCHOOL LTD,1,49660.0,49660.0,49660.0,0.004828639311222508,0.04966,99.49350772623133,669
MOON STUDIO DESIGN LIMITED,1,49650.0,49650.0,49650.0,0.00482766697144981,0.04965,99.49833539320278,670
BRYONY DESIGNS LIMITED,1,49592.0,49592.0,49592.0,0.004822027400768156,0.049592,99.50315742060354,671
SCRAP LOCAL LTD,1,49545.0,49545.0,49545.0,0.004817457403836472,0.049545,99.50797487800737,672
REMADE GROUP LTD,1,49516.0,49516.0,49516.0,0.004814637618495645,0.049516,99.51278951562587,673
TMLL LIMITED,1,49497.0,49497.0,49497.0,0.004812790172927518,0.049497,99.5176023057988,674
BLUGREENS LTD,1,49438.0,49438.0,49438.0,0.004807053368268594,0.049438,99.52240935916707,675
NEWLESS LIMITED,1,49427.0,49427.0,49427.0,0.004805983794518625,0.049427,99.52721534296158,676
ROCKET SCIENCES VENTURES LTD,1,49380.0,49380.0,49380.0,0.00480141379758694,0.04938,99.53201675675918,677
POWDERLOOP TECHNOLOGY LIMITED,1,49374.0,49374.0,49374.0,0.004800830393723321,0.049374,99.5368175871529,678
CHANGEOVER TECHNOLOGIES LIMITED,1,49314.0,49314.0,49314.0,0.004794996355087127,0.049314,99.54161258350798,679
MODLA PPE LTD,1,49200.0,49200.0,49200.0,0.004783911681678361,0.0492,99.54639649518967,680
LOWENA BEAUTY LIMITED,1,49198.0,49198.0,49198.0,0.0047837172137238215,0.049198,99.5511802124034,681
SEASTEX LTD,1,49191.0,49191.0,49191.0,0.004783036575882932,0.049191,99.55596324897928,682
GRAND BEQUEST LTD,1,49189.0,49189.0,49189.0,0.004782842107928393,0.049189,99.56074609108721,683
LNHD LTD.,1,49148.0,49148.0,49148.0,0.004778855514860327,0.049148,99.56552494660207,684
FOOD SQUARED LIMITED,1,48972.0,48972.0,48972.0,0.004761742334860828,0.048972,99.57028668893693,685
GROWBOTICS SPACE LTD,1,48869.0,48869.0,48869.0,0.004751727235202029,0.048869,99.57503841617213,686
MAKEPEACE BOTANICS LTD,1,48844.0,48844.0,48844.0,0.004749296385770282,0.048844,99.5797877125579,687
ALORA BABY LTD,1,48785.0,48785.0,48785.0,0.004743559581111359,0.048785,99.58453127213902,688
FLEXSEA LTD,1,48737.0,48737.0,48737.0,0.004738892350202404,0.048737,99.58927016448922,689
GUERRILLA TECHNOLOGIES LTD,1,48686.0,48686.0,48686.0,0.00473393341736164,0.048686,99.59400409790658,690
RWRK STUDIO LTD,1,48583.0,48583.0,48583.0,0.004723918317702841,0.048583,99.59872801622429,691
REBEL BIONICS LIMITED,1,48405.0,48405.0,48405.0,0.004706610669748802,0.048405,99.60343462689403,692
SWISS FIX (UK) LTD,1,48289.0,48289.0,48289.0,0.004695331528385496,0.048289,99.60812995842241,693
IREMIA TECHNOLOGY LIMITED,1,48243.0,48243.0,48243.0,0.0046908587654310805,0.048243,99.61282081718784,694
CHARWOOD LIMITED,1,48181.0,48181.0,48181.0,0.004684830258840348,0.048181,99.61750564744668,695
SMARTFILL LTD,1,48153.0,48153.0,48153.0,0.004682107707476791,0.048153,99.62218775515416,696
ALPACA FASHION COMPANY LIMITED,1,48138.0,48138.0,48138.0,0.0046806491978177425,0.048138,99.62686840435198,697
TOPUP TRUCK LTD,1,48092.0,48092.0,48092.0,0.004676176434863328,0.048092,99.63154458078685,698
HATITECH LTD,1,48000.0,48000.0,48000.0,0.004667230908954498,0.048,99.6362118116958,699
THE BOFFIN LAB LIMITED,1,47944.0,47944.0,47944.0,0.004661785806227385,0.047944,99.64087359750202,700
FIBRE LAB COLLECTIVE LTD,1,47907.0,47907.0,47907.0,0.0046581881490684,0.047907,99.64553178565109,701
ESSESYSTEMS LIMITED,1,47755.0,47755.0,47755.0,0.004643408584523377,0.047755,99.65017519423562,702
ENFYS CONSULTING LIMITED,1,47651.0,47651.0,47651.0,0.004633296250887309,0.047651,99.6548084904865,703
NET ZERO SCIENTIFIC LTD,1,47501.0,47501.0,47501.0,0.0046187111542968255,0.047501,99.6594272016408,704
STRUCTURAL ADHESIVES LIMITED,1,47464.0,47464.0,47464.0,0.00461511349713784,0.047464,99.66404231513793,705
NORTHUMBERLAND COUNTY COUNCIL,1,47234.0,47234.0,47234.0,0.0045927496823657665,0.047234,99.6686350648203,706
MAKERS CABINET LTD,1,47147.0,47147.0,47147.0,0.004584290326343287,0.047147,99.67321935514664,707
CU SERVICES LIMITED,1,46936.0,46936.0,46936.0,0.004563773957139341,0.046936,99.67778312910379,708
Science and Technology Facilities Council,1,46751.0,46751.0,46751.0,0.004545785671344412,0.046751,99.68232891477513,709
ACCURATE SAFETY MANUFACTURING LTD,1,46641.0,46641.0,46641.0,0.004535089933844725,0.046641,99.68686400470897,710
XEROC LTD,1,46537.0,46537.0,46537.0,0.0045249776002086566,0.046537,99.69138898230918,711
FORTY-FOUR WORDS LIMITED,1,46451.0,46451.0,46451.0,0.004516615478163446,0.046451,99.69590559778734,712
FENIX GLOBAL LIMITED,1,46319.0,46319.0,46319.0,0.004503780593163822,0.046319,99.70040937838051,713
FLO-GRO SYSTEMS LIMITED,1,45554.0,45554.0,45554.0,0.004429396600552359,0.045554,99.70483877498107,714
PEMBROKESHIRE MUSHROOM COMPANY LTD,1,45509.0,45509.0,45509.0,0.004425021071575214,0.045509,99.70926379605264,715
VALORISE LIMITED,1,45378.0,45378.0,45378.0,0.004412283420552859,0.045378,99.71367607947319,716
TRIPLO ESG LTD,1,44690.0,44690.0,44690.0,0.004345386444191178,0.04469,99.71802146591737,717
WATERHAUL LTD,1,44571.0,44571.0,44571.0,0.004333815600896062,0.044571,99.72235528151828,718
ELLERS FARM DISTILLERY LIMITED,1,44232.0,44232.0,44232.0,0.00430085328260157,0.044232,99.72665613480088,719
KINGFISHER PLC,2,44173.0,22086.5,22086.5,0.004295116477942647,0.044173,99.73095125127882,720
TIONTECH LTD,1,42560.0,42560.0,42560.0,0.0041382780726063224,0.04256,99.73508952935143,721
SOME GRUB LTD,1,42440.0,42440.0,42440.0,0.004126609995333936,0.04244,99.73921613934677,722
KOLE SOFTWARE LIMITED,1,41772.0,41772.0,41772.0,0.004061657698517652,0.041772,99.74327779704528,723
UNIVERSITY OF BRIGHTON,1,41559.0,41559.0,41559.0,0.004040946861359167,0.041559,99.74731874390665,724
ATLANTIC WATER CO. LIMITED,1,40518.0,40518.0,40518.0,0.003939726291021217,0.040518,99.75125847019767,725
University of Hertfordshire,1,40323.0,40323.0,40323.0,0.003920765665453589,0.040323,99.75517923586312,726
BIONERG LIMITED,1,40059.0,40059.0,40059.0,0.003895095895454339,0.040059,99.75907433175858,727
INCODE TECHNOLOGY UK LIMITED,1,40000.0,40000.0,40000.0,0.0038893590907954157,0.04,99.76296369084938,728
FLY2FEED,1,39980.0,39980.0,39980.0,0.003887414411250018,0.03998,99.76685110526063,729
AXTERA INNOVATIONS LTD,1,39759.0,39759.0,39759.0,0.0038659257022733732,0.039759,99.7707170309629,730
FAIRMAN KNIGHT AND SONS (UK) LIMITED,1,39698.0,39698.0,39698.0,0.00385999442965991,0.039698,99.77457702539256,731
Coventry University,2,39462.0,19731.0,19731.0,0.003837047211024217,0.039462,99.77841407260358,732
POLYSPORE LIMITED,1,37428.0,37428.0,37428.0,0.0036392733012572706,0.037428,99.78205334590484,733
INTELLIGENT DESIGN ASSOCIATES LIMITED,1,37400.0,37400.0,37400.0,0.0036365507498937136,0.0374,99.78568989665473,734
REPIC LIMITED,1,36738.0,36738.0,36738.0,0.0035721818569410496,0.036738,99.78926207851167,735
MATERIA.AI LTD,1,35638.0,35638.0,35638.0,0.003465224481944176,0.035638,99.79272730299361,736
UNPACKAGED INNOVATION LTD.,1,34951.0,34951.0,34951.0,0.0033984247395597647,0.034951,99.79612572773317,737
CIRCULOGIC LIMITED,1,34315.0,34315.0,34315.0,0.0033365839300161172,0.034315,99.79946231166319,738
FAIR WINDS TRUST,1,33155.0,33155.0,33155.0,0.0032237925163830505,0.033155,99.80268610417957,739
MOCEAN ENERGY LTD,1,33078.0,33078.0,33078.0,0.003216305500133269,0.033078,99.8059024096797,740
DE MONTFORT UNIVERSITY HIGHER EDUCATION CORPORATION,1,31597.0,31597.0,31597.0,0.0030723019797965685,0.031597,99.8089747116595,741
THE SMART CONTAINER COMPANY LTD,1,31202.0,31202.0,31202.0,0.003033894558774964,0.031202,99.81200860621827,742
MICROCAB INDUSTRIES LIMITED,1,30870.0,30870.0,30870.0,0.0030016128783213617,0.03087,99.81501021909659,743
BOURNEMOUTH UNIVERSITY,1,30340.0,30340.0,30340.0,0.0029500788703683226,0.03034,99.81796029796696,744
EVOLVE PACKAGING,1,30298.0,30298.0,30298.0,0.0029459950433229874,0.030298,99.82090629301028,745
GLEN DIMPLEX HOME APPLIANCES LIMITED,1,30100.0,30100.0,30100.0,0.00292674271582355,0.0301,99.82383303572611,746
DESIGNWORXUK LTD,1,30000.0,30000.0,30000.0,0.0029170193180965615,0.03,99.8267500550442,747
ROTATE-IT LTD,1,29996.0,29996.0,29996.0,0.002916630382187482,0.029996,99.82966668542639,748
STUDIO SAM CAUSER LTD.,1,29965.0,29965.0,29965.0,0.0029136161288921157,0.029965,99.83258030155528,749
STUDIO SKEIN LTD,1,29930.0,29930.0,29930.0,0.00291021293968767,0.02993,99.83549051449496,750
INDIGO MULTIMEDIA LIMITED,1,29543.0,29543.0,29543.0,0.002872583390484224,0.029543,99.83836309788545,751
STEELCASE LIMITED,1,29381.0,29381.0,29381.0,0.0028568314861665027,0.029381,99.84121992937162,752
THE ALLIANCE FOR SUSTAINABLE BUILDING PRODUCTS LIMITED,1,29339.0,29339.0,29339.0,0.0028527476591211675,0.029339,99.84407267703074,753
"UNIVERSITY OF THE ARTS, LONDON",1,29073.0,29073.0,29073.0,0.002826883421167378,0.029073,99.8468995604519,754
ATHLETIC EDGE CREATIVE LTD,1,28790.0,28790.0,28790.0,0.0027993662056000003,0.02879,99.8496989266575,755
BRIGHTON FRINGE OPERATIONS LTD,1,28062.0,28062.0,28062.0,0.002728579870147524,0.028062,99.85242750652765,756
OWENS POULTRY,1,27213.0,27213.0,27213.0,0.002646028223445391,0.027213,99.8550735347511,757
RE-TEK (UK) LIMITED,1,26614.0,26614.0,26614.0,0.0025877850710607298,0.026614,99.85766131982216,758
ROYAL COLLEGE OF ART (THE),1,26300.0,26300.0,26300.0,0.0025572536021979857,0.0263,99.86021857342435,759
LIGHT TRACE PHOTONICS LTD,1,25138.0,25138.0,25138.0,0.002444267720610379,0.025138,99.86266284114495,760
IMPACT OF WE CIC,1,25000.0,25000.0,25000.0,0.0024308494317471347,0.025,99.8650936905767,761
BELLACET LTD,1,25000.0,25000.0,25000.0,0.0024308494317471347,0.025,99.86752454000845,762
ALGA (SEAWEED) LIMITED,1,25000.0,25000.0,25000.0,0.0024308494317471347,0.025,99.8699553894402,763
INTELLICREATE LIMITED,1,25000.0,25000.0,25000.0,0.0024308494317471347,0.025,99.87238623887194,764
PANT-DU CYF,1,25000.0,25000.0,25000.0,0.0024308494317471347,0.025,99.87481708830369,765
NEUVIOR PHARMACEUTICALS LTD,1,25000.0,25000.0,25000.0,0.0024308494317471347,0.025,99.87724793773543,766
AGRICYCLE INNOVATION LTD,1,25000.0,25000.0,25000.0,0.0024308494317471347,0.025,99.87967878716718,767
SANDWARE LTD,1,25000.0,25000.0,25000.0,0.0024308494317471347,0.025,99.88210963659893,768
EMISSIV LTD,1,24999.0,24999.0,24999.0,0.002430752197769865,0.024999,99.8845403887967,769
COMPOSITE DESIGNERS LTD,1,24999.0,24999.0,24999.0,0.002430752197769865,0.024999,99.88697114099446,770
NATURE PROTECTS LIMITED,1,24998.0,24998.0,24998.0,0.002430654963792595,0.024998,99.88940179595825,771
HUBL LIMITED,1,24997.0,24997.0,24997.0,0.002430557729815325,0.024997,99.89183235368806,772
HUID LTD,1,24984.0,24984.0,24984.0,0.0024292936881108165,0.024984,99.89426164737617,773
HYDROGEN HYBRID ELECTRIC PROPULSION SYSTEMS LIMITED,1,24981.0,24981.0,24981.0,0.002429001986179007,0.024981,99.89669064936234,774
DITTOKI LIMITED,1,24975.0,24975.0,24975.0,0.0024284185823153876,0.024975,99.89911906794465,775
RE-WORKED LIMITED,1,24971.0,24971.0,24971.0,0.002428029646406308,0.024971,99.90154709759106,776
SARA + SARAH SMART TEXTILE DESIGN LLP,1,24957.0,24957.0,24957.0,0.0024266683707245295,0.024957,99.9039737659618,777
LAST TECHNOLOGY LIMITED,1,24951.0,24951.0,24951.0,0.00242608496686091,0.024951,99.90639985092865,778
RISE ADVANCED MATERIALS LIMITED,1,24940.0,24940.0,24940.0,0.0024250153931109414,0.02494,99.90882486632177,779
TOYOTA(G.B.) PLC,1,24900.0,24900.0,24900.0,0.002421126034020146,0.0249,99.91124599235579,780
SEA2CARBON LTD,1,24884.0,24884.0,24884.0,0.0024195702903838283,0.024884,99.91366556264617,781
PATHFINDER BIO LTD,1,24850.0,24850.0,24850.0,0.002416264335156652,0.02485,99.91608182698133,782
HYDROSURV UNMANNED SURVEY (UK) LTD,1,24841.0,24841.0,24841.0,0.0024153892293612227,0.024841,99.91849721621068,783
PLANT FIBRE TECHNOLOGY LTD,1,24825.0,24825.0,24825.0,0.002413833485724905,0.024825,99.9209110496964,784
RE-CONSIDERED LTD,1,24759.0,24759.0,24759.0,0.0024074160432250922,0.024759,99.92331846573963,785
HAYDALE LIMITED,1,24750.0,24750.0,24750.0,0.0024065409374296634,0.02475,99.92572500667706,786
C4 CARBIDES LIMITED,1,24750.0,24750.0,24750.0,0.0024065409374296634,0.02475,99.92813154761448,787
H-DEUX LTD,1,24638.0,24638.0,24638.0,0.002395650731975436,0.024638,99.93052719834645,788
LAUNDRE HOLDINGS LTD,1,24518.0,24518.0,24518.0,0.00238398265470305,0.024518,99.93291118100116,789
MYBUMPERS LIMITED,1,24494.0,24494.0,24494.0,0.0023816490392485727,0.024494,99.93529283004041,790
UAVTEK LIMITED,1,24372.0,24372.0,24372.0,0.002369786494021647,0.024372,99.93766261653442,791
INDUSTRIAL VALVE MACHINING SERVICES LTD,1,24247.0,24247.0,24247.0,0.002357632246862911,0.024247,99.9400202487813,792
NARU STUDIOS LTD,1,24240.0,24240.0,24240.0,0.002356951609022022,0.02424,99.94237720039031,793
Royal Central School of Speech and Drama,1,23905.0,23905.0,23905.0,0.0023243782266366103,0.023905,99.94470157861694,794
PAPER FOUNDATION,1,23362.0,23362.0,23362.0,0.0022715801769790625,0.023362,99.94697315879392,795
COMMERCIAL LIMITED,1,23330.0,23330.0,23330.0,0.002268468689706426,0.02333,99.94924162748363,796
NEWCAT CO LIMITED,1,23198.0,23198.0,23198.0,0.002255633804706801,0.023198,99.95149726128834,797
DAY GROUP LIMITED,1,23000.0,23000.0,23000.0,0.0022363814772073643,0.023,99.95373364276554,798
AVANZE DYNAMICS LIMITED,1,22982.0,22982.0,22982.0,0.002234631265616506,0.022982,99.95596827403116,799
DYSON TECHNOLOGY LIMITED,1,21450.0,21450.0,21450.0,0.0020856688124390415,0.02145,99.9580539428436,800
FIELDGATE ASSOCIATES LIMITED,1,21213.0,21213.0,21213.0,0.0020626243598260785,0.021213,99.96011656720343,801
LASER CLADDING TECHNOLOGY LIMITED,1,21176.0,21176.0,21176.0,0.002059026702667093,0.021176,99.9621755939061,802
MADE IN FOLKESTONE LIMITED,1,21054.0,21054.0,21054.0,0.002047164157440167,0.021054,99.96422275806354,803
FESTIVAL REPUBLIC LIMITED,1,20881.0,20881.0,20881.0,0.0020303426793724768,0.020881,99.96625310074292,804
ECOREM TECH LIMITED,1,20790.0,20790.0,20790.0,0.0020214943874409174,0.02079,99.96827459513035,805
CHIMERA ENERGY LTD,1,20731.0,20731.0,20731.0,0.002015757582781994,0.020731,99.97029035271314,806
GREEN LABS RESEARCH LIMITED,1,20702.0,20702.0,20702.0,0.0020129377974411676,0.020702,99.97230329051058,807
VECTOR LABS LIMITED,1,20477.0,20477.0,20477.0,0.0019910601525554433,0.020477,99.97429435066314,808
HYVEGEO LTD,1,18253.0,18253.0,18253.0,0.001774811787107218,0.018253,99.97606916245024,809
DISTRICT EATING LTD,1,16611.0,16611.0,16611.0,0.0016151535964300662,0.016611,99.97768431604668,810
TERA MIRA LTD,1,16372.0,16372.0,16372.0,0.0015919146758625637,0.016372,99.97927623072253,811
C-TECH INNOVATION LIMITED,1,15862.0,15862.0,15862.0,0.001542325347454922,0.015862,99.98081855606999,812
Phyona Ltd,1,15857.0,15857.0,15857.0,0.0015418391775685726,0.015857,99.98236039524755,813
University of Brighton,1,15659.0,15659.0,15659.0,0.0015225868500691353,0.015659,99.98388298209763,814
CONSTITUENT GROUP LTD,1,15000.0,15000.0,15000.0,0.0014585096590482808,0.015,99.98534149175667,815
SATELLITE LABS LTD,1,15000.0,15000.0,15000.0,0.0014585096590482808,0.015,99.98680000141572,816
HERD ACOUSTICS LIMITED,1,15000.0,15000.0,15000.0,0.0014585096590482808,0.015,99.98825851107476,817
50 WAYS TO COOK,1,15000.0,15000.0,15000.0,0.0014585096590482808,0.015,99.9897170207338,818
FLUOROK LIMITED,1,14962.0,14962.0,14962.0,0.0014548147679120252,0.014962,99.99117183550172,819
SAMPSON SOLUTIONS LTD,1,12600.0,12600.0,12600.0,0.001225148113600556,0.0126,99.99239698361532,820
COMPOSITE BRAIDING LIMITED,1,10911.0,10911.0,10911.0,0.0010609199259917195,0.010911,99.99345790354131,821
University of Winchester,1,7282.0,7282.0,7282.0,0.0007080578224793055,0.007282,99.99416596136379,822
FAMOUS FOUR PRODUCTS LIMITED,1,5000.0,5000.0,5000.0,0.00048616988634942696,0.005,99.99465213125013,823
QUINN TECHNOLOGY LIMITED,1,5000.0,5000.0,5000.0,0.00048616988634942696,0.005,99.99513830113648,824
THE PLASTIC ECONOMY LTD,1,5000.0,5000.0,5000.0,0.00048616988634942696,0.005,99.99562447102282,825
LAVERY PENNELL LTD,1,5000.0,5000.0,5000.0,0.00048616988634942696,0.005,99.99611064090917,826
PUBLIC WORKS LIMITED,1,5000.0,5000.0,5000.0,0.00048616988634942696,0.005,99.99659681079551,827
FLOWSTONE INDUSTRIAL FLOORING LIMITED,1,5000.0,5000.0,5000.0,0.00048616988634942696,0.005,99.99708298068185,828
CLARK TECHNOLOGIES WALES LTD,1,5000.0,5000.0,5000.0,0.00048616988634942696,0.005,99.9975691505682,829
ITRI LIMITED,1,5000.0,5000.0,5000.0,0.00048616988634942696,0.005,99.99805532045454,830
NEW SUSTAINABLE BUILDING MODEL LIMITED,1,5000.0,5000.0,5000.0,0.00048616988634942696,0.005,99.99854149034088,831
ALPHACO LTD,1,5000.0,5000.0,5000.0,0.00048616988634942696,0.005,99.99902766022723,832
NORTH WEST RECYCLING LIMITED,1,5000.0,5000.0,5000.0,0.00048616988634942696,0.005,99.99951383011357,833
HBR MIDLANDS LIMITED,1,5000.0,5000.0,5000.0,0.00048616988634942696,0.005,99.99999999999991,834
